<?xml version="1.0" encoding="US-ASCII" standalone="no"?>
    <!-- Field: Doc-Info; Name: Generator; Value: GoFiler Complete; Version: 4.18c -->
    <!-- Field: Doc-Info; Name: VendorURI; Value: http://www.novaworks.co -->
    <!-- Field: Doc-Info; Name: Source; Value: fp0025501.xfr; Date: 2017%2D05%2D10T15:50:59Z -->
    <!-- Field: Doc-Info; Name: Status; Value: 0x80060000 -->
<link:linkbase xmlns:xsi="http://www.w3.org/2001/XMLSchema-instance" xmlns:xlink="http://www.w3.org/1999/xlink" xmlns:link="http://www.xbrl.org/2003/linkbase" xmlns:xbrldt="http://xbrl.org/2005/xbrldt" xmlns:xbrli="http://www.xbrl.org/2003/instance" xsi:schemaLocation="http://www.xbrl.org/2003/linkbase http://www.xbrl.org/2003/xbrl-linkbase-2003-12-31.xsd">
    <link:roleRef roleURI="http://xbrl.sec.gov/rr/role/RiskReturn" xlink:href="http://xbrl.sec.gov/rr/2012/rr-2012-01-31.xsd#RiskReturn" xlink:type="simple" />
    <link:roleRef roleURI="http://xbrl.sec.gov/rr/role/ShareholderFeesData" xlink:href="http://xbrl.sec.gov/rr/2012/rr-2012-01-31.xsd#ShareholderFeesData" xlink:type="simple" />
    <link:roleRef roleURI="http://xbrl.sec.gov/rr/role/OperatingExpensesData" xlink:href="http://xbrl.sec.gov/rr/2012/rr-2012-01-31.xsd#OperatingExpensesData" xlink:type="simple" />
    <link:roleRef roleURI="http://xbrl.sec.gov/rr/role/ExpenseExample" xlink:href="http://xbrl.sec.gov/rr/2012/rr-2012-01-31.xsd#ExpenseExample" xlink:type="simple" />
    <link:roleRef roleURI="http://xbrl.sec.gov/rr/role/ExpenseExampleNoRedemption" xlink:href="http://xbrl.sec.gov/rr/2012/rr-2012-01-31.xsd#ExpenseExampleNoRedemption" xlink:type="simple" />
    <link:roleRef roleURI="http://xbrl.sec.gov/rr/role/BarChartData" xlink:href="http://xbrl.sec.gov/rr/2012/rr-2012-01-31.xsd#BarChartData" xlink:type="simple" />
    <link:roleRef roleURI="http://xbrl.sec.gov/rr/role/PerformanceTableData" xlink:href="http://xbrl.sec.gov/rr/2012/rr-2012-01-31.xsd#PerformanceTableData" xlink:type="simple" />
    <link:roleRef roleURI="http://xbrl.sec.gov/rr/role/RiskReturnDetail" xlink:href="http://xbrl.sec.gov/rr/2012/rr-2012-01-31.xsd#RiskReturnDetail" xlink:type="simple" />
    <link:roleRef roleURI="http://xbrl.sec.gov/rr/role/RiskReturnDetailData" xlink:href="http://xbrl.sec.gov/rr/2012/rr-2012-01-31.xsd#RiskReturnDetailData" xlink:type="simple" />
    <link:roleRef roleURI="http://xbrl.sec.gov/rr/role/Prospectus" xlink:href="http://xbrl.sec.gov/rr/2012/rr-2012-01-31.xsd#ProspectusOnly" xlink:type="simple" />
    <link:roleRef roleURI="http://xbrl.sec.gov/rr/role/Series" xlink:href="http://xbrl.sec.gov/rr/2012/rr-2012-01-31.xsd#SeriesOnly" xlink:type="simple" />
    <link:roleRef roleURI="http://xbrl.sec.gov/rr/role/Class" xlink:href="http://xbrl.sec.gov/rr/2012/rr-2012-01-31.xsd#ClassOnly" xlink:type="simple" />
    <link:roleRef roleURI="http://xbrl.sec.gov/rr/role/PerformanceMeasure" xlink:href="http://xbrl.sec.gov/rr/2012/rr-2012-01-31.xsd#PerformanceMeasureOnly" xlink:type="simple" />
    <link:arcroleRef xlink:type="simple" xlink:href="http://www.xbrl.org/2005/xbrldt-2005.xsd#hypercube-dimension" arcroleURI="http://xbrl.org/int/dim/arcrole/hypercube-dimension" />
    <link:arcroleRef xlink:type="simple" xlink:href="http://www.xbrl.org/2005/xbrldt-2005.xsd#dimension-domain" arcroleURI="http://xbrl.org/int/dim/arcrole/dimension-domain" />
    <link:arcroleRef xlink:type="simple" xlink:href="http://www.xbrl.org/2005/xbrldt-2005.xsd#domain-member" arcroleURI="http://xbrl.org/int/dim/arcrole/domain-member" />
    <link:arcroleRef xlink:type="simple" xlink:href="http://www.xbrl.org/2005/xbrldt-2005.xsd#all" arcroleURI="http://xbrl.org/int/dim/arcrole/all" />
    <link:arcroleRef xlink:type="simple" xlink:href="http://www.xbrl.org/2005/xbrldt-2005.xsd#notAll" arcroleURI="http://xbrl.org/int/dim/arcrole/notAll" />
    <link:arcroleRef xlink:type="simple" xlink:href="http://www.xbrl.org/2005/xbrldt-2005.xsd#dimension-default" arcroleURI="http://xbrl.org/int/dim/arcrole/dimension-default" />
    <link:definitionLink xlink:type="extended" xlink:role="http://xbrl.sec.gov/rr/role/RiskReturn" xlink:title="00000003 - Document - Risk/Return Summary" />
    <link:definitionLink xlink:type="extended" xlink:role="http://xbrl.sec.gov/rr/role/ShareholderFeesData" xlink:title="00000004 - Schedule - Shareholder Fees" />
    <link:definitionLink xlink:type="extended" xlink:role="http://xbrl.sec.gov/rr/role/OperatingExpensesData" xlink:title="00000005 - Schedule - Annual Fund Operating Expenses" />
    <link:definitionLink xlink:type="extended" xlink:role="http://xbrl.sec.gov/rr/role/ExpenseExample" xlink:title="00000006 - Schedule - Expense Example {Transposed}" />
    <link:definitionLink xlink:type="extended" xlink:role="http://xbrl.sec.gov/rr/role/ExpenseExampleNoRedemption" xlink:title="00000007 - Schedule - Expense Example, No Redemption {Transposed}" />
    <link:definitionLink xlink:type="extended" xlink:role="http://xbrl.sec.gov/rr/role/BarChartData" xlink:title="00000008 - Schedule - Annual Total Returns" />
    <link:definitionLink xlink:type="extended" xlink:role="http://xbrl.sec.gov/rr/role/PerformanceTableData" xlink:title="00000009 - Schedule - Average Annual Total Returns {Transposed}" />
    <link:definitionLink xlink:type="extended" xlink:role="http://xbrl.sec.gov/rr/role/RiskReturnDetail" xlink:title="00000010 - Document - Risk/Return Detail {Unlabeled}" />
    <link:definitionLink xlink:type="extended" xlink:role="http://xbrl.sec.gov/rr/role/RiskReturnDetailData" xlink:title="00000011 - Disclosure - Risk/Return Detail Data {Elements}" />
    <link:definitionLink xlink:type="extended" xlink:role="http://xbrl.sec.gov/rr/role/Series">
      <link:loc xlink:type="locator" xlink:href="http://xbrl.sec.gov/dei/2012/dei-2012-01-31.xsd#dei_EntityDomain" xlink:label="loc_deiEntityDomain" />
      <link:loc xlink:type="locator" xlink:href="schwartz-20170428.xsd#schwartz_S000001548Member" xlink:label="loc_schwartzS000001548Member" />
      <link:definitionArc xlink:arcrole="http://xbrl.org/int/dim/arcrole/domain-member" xlink:from="loc_deiEntityDomain" xlink:to="loc_schwartzS000001548Member" xlink:type="arc" order="0" />
      <link:loc xlink:type="locator" xlink:href="schwartz-20170428.xsd#schwartz_S000001549Member" xlink:label="loc_schwartzS000001549Member" />
      <link:definitionArc xlink:arcrole="http://xbrl.org/int/dim/arcrole/domain-member" xlink:from="loc_deiEntityDomain" xlink:to="loc_schwartzS000001549Member" xlink:type="arc" order="10" />
      <link:loc xlink:type="locator" xlink:href="schwartz-20170428.xsd#schwartz_S000001550Member" xlink:label="loc_schwartzS000001550Member" />
      <link:definitionArc xlink:arcrole="http://xbrl.org/int/dim/arcrole/domain-member" xlink:from="loc_deiEntityDomain" xlink:to="loc_schwartzS000001550Member" xlink:type="arc" order="20" />
      <link:loc xlink:type="locator" xlink:href="schwartz-20170428.xsd#schwartz_S000001551Member" xlink:label="loc_schwartzS000001551Member" />
      <link:definitionArc xlink:arcrole="http://xbrl.org/int/dim/arcrole/domain-member" xlink:from="loc_deiEntityDomain" xlink:to="loc_schwartzS000001551Member" xlink:type="arc" order="30" />
      <link:loc xlink:type="locator" xlink:href="schwartz-20170428.xsd#schwartz_S000028831Member" xlink:label="loc_schwartzS000028831Member" />
      <link:definitionArc xlink:arcrole="http://xbrl.org/int/dim/arcrole/domain-member" xlink:from="loc_deiEntityDomain" xlink:to="loc_schwartzS000028831Member" xlink:type="arc" order="40" />
      <link:loc xlink:type="locator" xlink:href="schwartz-20170428.xsd#schwartz_S000001552Member" xlink:label="loc_schwartzS000001552Member" />
      <link:definitionArc xlink:arcrole="http://xbrl.org/int/dim/arcrole/domain-member" xlink:from="loc_deiEntityDomain" xlink:to="loc_schwartzS000001552Member" xlink:type="arc" order="50" />
    </link:definitionLink>
    <link:definitionLink xlink:type="extended" xlink:role="http://xbrl.sec.gov/rr/role/Class">
      <link:loc xlink:type="locator" xlink:href="http://xbrl.sec.gov/rr/2012/rr-2012-01-31.xsd#rr_ShareClassDomain" xlink:label="loc_rrShareClassDomain" />
      <link:loc xlink:type="locator" xlink:href="schwartz-20170428.xsd#schwartz_C000004202Member" xlink:label="loc_schwartzC000004202Member" />
      <link:definitionArc xlink:arcrole="http://xbrl.org/int/dim/arcrole/domain-member" xlink:from="loc_rrShareClassDomain" xlink:to="loc_schwartzC000004202Member" xlink:type="arc" order="500" />
      <link:loc xlink:type="locator" xlink:href="schwartz-20170428.xsd#schwartz_C000004203Member" xlink:label="loc_schwartzC000004203Member" />
      <link:definitionArc xlink:arcrole="http://xbrl.org/int/dim/arcrole/domain-member" xlink:from="loc_rrShareClassDomain" xlink:to="loc_schwartzC000004203Member" xlink:type="arc" order="510" />
      <link:loc xlink:type="locator" xlink:href="schwartz-20170428.xsd#schwartz_C000004204Member" xlink:label="loc_schwartzC000004204Member" />
      <link:definitionArc xlink:arcrole="http://xbrl.org/int/dim/arcrole/domain-member" xlink:from="loc_rrShareClassDomain" xlink:to="loc_schwartzC000004204Member" xlink:type="arc" order="520" />
      <link:loc xlink:type="locator" xlink:href="schwartz-20170428.xsd#schwartz_C000004205Member" xlink:label="loc_schwartzC000004205Member" />
      <link:definitionArc xlink:arcrole="http://xbrl.org/int/dim/arcrole/domain-member" xlink:from="loc_rrShareClassDomain" xlink:to="loc_schwartzC000004205Member" xlink:type="arc" order="530" />
      <link:loc xlink:type="locator" xlink:href="schwartz-20170428.xsd#schwartz_C000088418Member" xlink:label="loc_schwartzC000088418Member" />
      <link:definitionArc xlink:arcrole="http://xbrl.org/int/dim/arcrole/domain-member" xlink:from="loc_rrShareClassDomain" xlink:to="loc_schwartzC000088418Member" xlink:type="arc" order="540" />
      <link:loc xlink:type="locator" xlink:href="schwartz-20170428.xsd#schwartz_C000004207Member" xlink:label="loc_schwartzC000004207Member" />
      <link:definitionArc xlink:arcrole="http://xbrl.org/int/dim/arcrole/domain-member" xlink:from="loc_rrShareClassDomain" xlink:to="loc_schwartzC000004207Member" xlink:type="arc" order="550" />
    </link:definitionLink>
    <link:definitionLink xlink:type="extended" xlink:role="http://xbrl.sec.gov/rr/role/PerformanceMeasure">
      <link:loc xlink:type="locator" xlink:href="http://xbrl.sec.gov/rr/2012/rr-2012-01-31.xsd#rr_PerformanceMeasureDomain" xlink:label="loc_rrPerformanceMeasureDomain" />
      <link:loc xlink:type="locator" xlink:href="schwartz-20170428.xsd#schwartz_Index1Member" xlink:label="loc_schwartzIndex1Member" />
      <link:definitionArc xlink:arcrole="http://xbrl.org/int/dim/arcrole/domain-member" xlink:from="loc_rrPerformanceMeasureDomain" xlink:to="loc_schwartzIndex1Member" xlink:type="arc" order="2000" />
      <link:loc xlink:type="locator" xlink:href="schwartz-20170428.xsd#schwartz_Index2Member" xlink:label="loc_schwartzIndex2Member" />
      <link:definitionArc xlink:arcrole="http://xbrl.org/int/dim/arcrole/domain-member" xlink:from="loc_rrPerformanceMeasureDomain" xlink:to="loc_schwartzIndex2Member" xlink:type="arc" order="2010" />
      <link:loc xlink:type="locator" xlink:href="schwartz-20170428.xsd#schwartz_Index3Member" xlink:label="loc_schwartzIndex3Member" />
      <link:definitionArc xlink:arcrole="http://xbrl.org/int/dim/arcrole/domain-member" xlink:from="loc_rrPerformanceMeasureDomain" xlink:to="loc_schwartzIndex3Member" xlink:type="arc" order="2020" />
      <link:loc xlink:type="locator" xlink:href="schwartz-20170428.xsd#schwartz_Index4Member" xlink:label="loc_schwartzIndex4Member" />
      <link:definitionArc xlink:arcrole="http://xbrl.org/int/dim/arcrole/domain-member" xlink:from="loc_rrPerformanceMeasureDomain" xlink:to="loc_schwartzIndex4Member" xlink:type="arc" order="2030" />
      <link:loc xlink:type="locator" xlink:href="schwartz-20170428.xsd#schwartz_Index5Member" xlink:label="loc_schwartzIndex5Member" />
      <link:definitionArc xlink:arcrole="http://xbrl.org/int/dim/arcrole/domain-member" xlink:from="loc_rrPerformanceMeasureDomain" xlink:to="loc_schwartzIndex5Member" xlink:type="arc" order="2040" />
      <link:loc xlink:type="locator" xlink:href="schwartz-20170428.xsd#schwartz_Index6Member" xlink:label="loc_schwartzIndex6Member" />
      <link:definitionArc xlink:arcrole="http://xbrl.org/int/dim/arcrole/domain-member" xlink:from="loc_rrPerformanceMeasureDomain" xlink:to="loc_schwartzIndex6Member" xlink:type="arc" order="2050" />
      <link:loc xlink:type="locator" xlink:href="schwartz-20170428.xsd#schwartz_Index7Member" xlink:label="loc_schwartzIndex7Member" />
      <link:definitionArc xlink:arcrole="http://xbrl.org/int/dim/arcrole/domain-member" xlink:from="loc_rrPerformanceMeasureDomain" xlink:to="loc_schwartzIndex7Member" xlink:type="arc" order="2060" />
    </link:definitionLink>
</link:linkbase>
