<?xml version="1.0" encoding="US-ASCII" standalone="no"?>
    <!-- Field: Doc-Info; Name: Generator; Value: GoFiler Complete; Version: 4.18c -->
    <!-- Field: Doc-Info; Name: VendorURI; Value: http://www.novaworks.co -->
    <!-- Field: Doc-Info; Name: Source; Value: fp0025501.xfr; Date: 2017%2D05%2D10T15:50:59Z -->
    <!-- Field: Doc-Info; Name: Status; Value: 0x80060000 -->
<link:linkbase xmlns:xsi="http://www.w3.org/2001/XMLSchema-instance" xmlns:xlink="http://www.w3.org/1999/xlink" xmlns:link="http://www.xbrl.org/2003/linkbase" xmlns:xbrli="http://www.xbrl.org/2003/instance" xsi:schemaLocation="http://www.xbrl.org/2003/linkbase http://www.xbrl.org/2003/xbrl-linkbase-2003-12-31.xsd">
    <link:roleRef roleURI="http://xbrl.sec.gov/rr/role/RiskReturn" xlink:href="http://xbrl.sec.gov/rr/2012/rr-2012-01-31.xsd#RiskReturn" xlink:type="simple" />
    <link:roleRef roleURI="http://xbrl.sec.gov/rr/role/ShareholderFeesData" xlink:href="http://xbrl.sec.gov/rr/2012/rr-2012-01-31.xsd#ShareholderFeesData" xlink:type="simple" />
    <link:roleRef roleURI="http://xbrl.sec.gov/rr/role/OperatingExpensesData" xlink:href="http://xbrl.sec.gov/rr/2012/rr-2012-01-31.xsd#OperatingExpensesData" xlink:type="simple" />
    <link:roleRef roleURI="http://xbrl.sec.gov/rr/role/ExpenseExample" xlink:href="http://xbrl.sec.gov/rr/2012/rr-2012-01-31.xsd#ExpenseExample" xlink:type="simple" />
    <link:roleRef roleURI="http://xbrl.sec.gov/rr/role/ExpenseExampleNoRedemption" xlink:href="http://xbrl.sec.gov/rr/2012/rr-2012-01-31.xsd#ExpenseExampleNoRedemption" xlink:type="simple" />
    <link:roleRef roleURI="http://xbrl.sec.gov/rr/role/BarChartData" xlink:href="http://xbrl.sec.gov/rr/2012/rr-2012-01-31.xsd#BarChartData" xlink:type="simple" />
    <link:roleRef roleURI="http://xbrl.sec.gov/rr/role/PerformanceTableData" xlink:href="http://xbrl.sec.gov/rr/2012/rr-2012-01-31.xsd#PerformanceTableData" xlink:type="simple" />
    <link:roleRef roleURI="http://xbrl.sec.gov/rr/role/RiskReturnDetail" xlink:href="http://xbrl.sec.gov/rr/2012/rr-2012-01-31.xsd#RiskReturnDetail" xlink:type="simple" />
    <link:roleRef roleURI="http://xbrl.sec.gov/rr/role/RiskReturnDetailData" xlink:href="http://xbrl.sec.gov/rr/2012/rr-2012-01-31.xsd#RiskReturnDetailData" xlink:type="simple" />
    <link:roleRef roleURI="http://xbrl.sec.gov/rr/role/Prospectus" xlink:href="http://xbrl.sec.gov/rr/2012/rr-2012-01-31.xsd#ProspectusOnly" xlink:type="simple" />
    <link:roleRef roleURI="http://xbrl.sec.gov/rr/role/Series" xlink:href="http://xbrl.sec.gov/rr/2012/rr-2012-01-31.xsd#SeriesOnly" xlink:type="simple" />
    <link:roleRef roleURI="http://xbrl.sec.gov/rr/role/Class" xlink:href="http://xbrl.sec.gov/rr/2012/rr-2012-01-31.xsd#ClassOnly" xlink:type="simple" />
    <link:roleRef roleURI="http://xbrl.sec.gov/rr/role/PerformanceMeasure" xlink:href="http://xbrl.sec.gov/rr/2012/rr-2012-01-31.xsd#PerformanceMeasureOnly" xlink:type="simple" />
    <link:presentationLink xlink:type="extended" xlink:role="http://xbrl.sec.gov/rr/role/RiskReturn" xlink:title="00000003 - Document - Risk/Return Summary">
      <link:loc xlink:type="locator" xlink:href="http://xbrl.sec.gov/rr/2012/rr-2012-01-31.xsd#rr_RiskReturnAbstract" xlink:label="loc_rrRiskReturnAbstract" />
      <link:loc xlink:type="locator" xlink:href="http://xbrl.sec.gov/dei/2012/dei-2012-01-31.xsd#dei_LegalEntityAxis" xlink:label="loc_deiLegalEntityAxis" />
      <link:presentationArc xlink:type="arc" xlink:arcrole="http://www.xbrl.org/2003/arcrole/parent-child" xlink:from="loc_rrRiskReturnAbstract" xlink:to="loc_deiLegalEntityAxis" order="1100" />
      <link:loc xlink:type="locator" xlink:href="http://xbrl.sec.gov/dei/2012/dei-2012-01-31.xsd#dei_EntityDomain" xlink:label="loc_deiEntityDomain" />
      <link:presentationArc xlink:type="arc" xlink:arcrole="http://www.xbrl.org/2003/arcrole/parent-child" xlink:from="loc_deiLegalEntityAxis" xlink:to="loc_deiEntityDomain" order="10" />
      <link:loc xlink:type="locator" xlink:href="schwartz-20170428.xsd#schwartz_S000001548Member" xlink:label="loc_schwartzS000001548Member" />
      <link:presentationArc order="20" xlink:arcrole="http://www.xbrl.org/2003/arcrole/parent-child" xlink:from="loc_deiLegalEntityAxis" xlink:to="loc_schwartzS000001548Member" xlink:type="arc" />
      <link:loc xlink:type="locator" xlink:href="schwartz-20170428.xsd#schwartz_S000001549Member" xlink:label="loc_schwartzS000001549Member" />
      <link:presentationArc order="30" xlink:arcrole="http://www.xbrl.org/2003/arcrole/parent-child" xlink:from="loc_deiLegalEntityAxis" xlink:to="loc_schwartzS000001549Member" xlink:type="arc" />
      <link:loc xlink:type="locator" xlink:href="schwartz-20170428.xsd#schwartz_S000001550Member" xlink:label="loc_schwartzS000001550Member" />
      <link:presentationArc order="40" xlink:arcrole="http://www.xbrl.org/2003/arcrole/parent-child" xlink:from="loc_deiLegalEntityAxis" xlink:to="loc_schwartzS000001550Member" xlink:type="arc" />
      <link:loc xlink:type="locator" xlink:href="schwartz-20170428.xsd#schwartz_S000001551Member" xlink:label="loc_schwartzS000001551Member" />
      <link:presentationArc order="50" xlink:arcrole="http://www.xbrl.org/2003/arcrole/parent-child" xlink:from="loc_deiLegalEntityAxis" xlink:to="loc_schwartzS000001551Member" xlink:type="arc" />
      <link:loc xlink:type="locator" xlink:href="schwartz-20170428.xsd#schwartz_S000028831Member" xlink:label="loc_schwartzS000028831Member" />
      <link:presentationArc order="60" xlink:arcrole="http://www.xbrl.org/2003/arcrole/parent-child" xlink:from="loc_deiLegalEntityAxis" xlink:to="loc_schwartzS000028831Member" xlink:type="arc" />
      <link:loc xlink:type="locator" xlink:href="schwartz-20170428.xsd#schwartz_S000001552Member" xlink:label="loc_schwartzS000001552Member" />
      <link:presentationArc order="70" xlink:arcrole="http://www.xbrl.org/2003/arcrole/parent-child" xlink:from="loc_deiLegalEntityAxis" xlink:to="loc_schwartzS000001552Member" xlink:type="arc" />
    </link:presentationLink>
    <link:presentationLink xlink:type="extended" xlink:role="http://xbrl.sec.gov/rr/role/ShareholderFeesData" xlink:title="00000004 - Schedule - Shareholder Fees">
      <link:loc xlink:type="locator" xlink:href="http://xbrl.sec.gov/rr/2012/rr-2012-01-31.xsd#rr_ShareholderFeesAbstract" xlink:label="loc_rrShareholderFeesAbstract" />
      <link:loc xlink:type="locator" xlink:href="http://xbrl.sec.gov/dei/2012/dei-2012-01-31.xsd#dei_LegalEntityAxis" xlink:label="loc_deiLegalEntityAxis" />
      <link:presentationArc xlink:type="arc" xlink:arcrole="http://www.xbrl.org/2003/arcrole/parent-child" xlink:from="loc_rrShareholderFeesAbstract" xlink:to="loc_deiLegalEntityAxis" order="1100" />
      <link:loc xlink:type="locator" xlink:href="http://xbrl.sec.gov/dei/2012/dei-2012-01-31.xsd#dei_EntityDomain" xlink:label="loc_deiEntityDomain" />
      <link:presentationArc xlink:type="arc" xlink:arcrole="http://www.xbrl.org/2003/arcrole/parent-child" xlink:from="loc_deiLegalEntityAxis" xlink:to="loc_deiEntityDomain" order="10" />
      <link:loc xlink:type="locator" xlink:href="schwartz-20170428.xsd#schwartz_S000001548Member" xlink:label="loc_schwartzS000001548Member" />
      <link:presentationArc order="20" xlink:arcrole="http://www.xbrl.org/2003/arcrole/parent-child" xlink:from="loc_deiLegalEntityAxis" xlink:to="loc_schwartzS000001548Member" xlink:type="arc" />
      <link:loc xlink:type="locator" xlink:href="schwartz-20170428.xsd#schwartz_S000001549Member" xlink:label="loc_schwartzS000001549Member" />
      <link:presentationArc order="30" xlink:arcrole="http://www.xbrl.org/2003/arcrole/parent-child" xlink:from="loc_deiLegalEntityAxis" xlink:to="loc_schwartzS000001549Member" xlink:type="arc" />
      <link:loc xlink:type="locator" xlink:href="schwartz-20170428.xsd#schwartz_S000001550Member" xlink:label="loc_schwartzS000001550Member" />
      <link:presentationArc order="40" xlink:arcrole="http://www.xbrl.org/2003/arcrole/parent-child" xlink:from="loc_deiLegalEntityAxis" xlink:to="loc_schwartzS000001550Member" xlink:type="arc" />
      <link:loc xlink:type="locator" xlink:href="schwartz-20170428.xsd#schwartz_S000001551Member" xlink:label="loc_schwartzS000001551Member" />
      <link:presentationArc order="50" xlink:arcrole="http://www.xbrl.org/2003/arcrole/parent-child" xlink:from="loc_deiLegalEntityAxis" xlink:to="loc_schwartzS000001551Member" xlink:type="arc" />
      <link:loc xlink:type="locator" xlink:href="schwartz-20170428.xsd#schwartz_S000028831Member" xlink:label="loc_schwartzS000028831Member" />
      <link:presentationArc order="60" xlink:arcrole="http://www.xbrl.org/2003/arcrole/parent-child" xlink:from="loc_deiLegalEntityAxis" xlink:to="loc_schwartzS000028831Member" xlink:type="arc" />
      <link:loc xlink:type="locator" xlink:href="schwartz-20170428.xsd#schwartz_S000001552Member" xlink:label="loc_schwartzS000001552Member" />
      <link:presentationArc order="70" xlink:arcrole="http://www.xbrl.org/2003/arcrole/parent-child" xlink:from="loc_deiLegalEntityAxis" xlink:to="loc_schwartzS000001552Member" xlink:type="arc" />
      <link:loc xlink:type="locator" xlink:href="http://xbrl.sec.gov/rr/2012/rr-2012-01-31.xsd#rr_ProspectusShareClassAxis" xlink:label="loc_rrProspectusShareClassAxis" />
      <link:presentationArc xlink:type="arc" xlink:arcrole="http://www.xbrl.org/2003/arcrole/parent-child" xlink:from="loc_rrShareholderFeesAbstract" xlink:to="loc_rrProspectusShareClassAxis" order="1300" />
      <link:loc xlink:type="locator" xlink:href="http://xbrl.sec.gov/rr/2012/rr-2012-01-31.xsd#rr_ShareClassDomain" xlink:label="loc_rrShareClassDomain" />
      <link:presentationArc xlink:type="arc" xlink:arcrole="http://www.xbrl.org/2003/arcrole/parent-child" xlink:from="loc_rrProspectusShareClassAxis" xlink:to="loc_rrShareClassDomain" order="10" />
      <link:loc xlink:type="locator" xlink:href="schwartz-20170428.xsd#schwartz_C000004202Member" xlink:label="loc_schwartzC000004202Member" />
      <link:presentationArc order="20" xlink:arcrole="http://www.xbrl.org/2003/arcrole/parent-child" xlink:from="loc_rrProspectusShareClassAxis" xlink:to="loc_schwartzC000004202Member" xlink:type="arc" />
      <link:loc xlink:type="locator" xlink:href="schwartz-20170428.xsd#schwartz_C000004203Member" xlink:label="loc_schwartzC000004203Member" />
      <link:presentationArc order="30" xlink:arcrole="http://www.xbrl.org/2003/arcrole/parent-child" xlink:from="loc_rrProspectusShareClassAxis" xlink:to="loc_schwartzC000004203Member" xlink:type="arc" />
      <link:loc xlink:type="locator" xlink:href="schwartz-20170428.xsd#schwartz_C000004204Member" xlink:label="loc_schwartzC000004204Member" />
      <link:presentationArc order="40" xlink:arcrole="http://www.xbrl.org/2003/arcrole/parent-child" xlink:from="loc_rrProspectusShareClassAxis" xlink:to="loc_schwartzC000004204Member" xlink:type="arc" />
      <link:loc xlink:type="locator" xlink:href="schwartz-20170428.xsd#schwartz_C000004205Member" xlink:label="loc_schwartzC000004205Member" />
      <link:presentationArc order="50" xlink:arcrole="http://www.xbrl.org/2003/arcrole/parent-child" xlink:from="loc_rrProspectusShareClassAxis" xlink:to="loc_schwartzC000004205Member" xlink:type="arc" />
      <link:loc xlink:type="locator" xlink:href="schwartz-20170428.xsd#schwartz_C000088418Member" xlink:label="loc_schwartzC000088418Member" />
      <link:presentationArc order="60" xlink:arcrole="http://www.xbrl.org/2003/arcrole/parent-child" xlink:from="loc_rrProspectusShareClassAxis" xlink:to="loc_schwartzC000088418Member" xlink:type="arc" />
      <link:loc xlink:type="locator" xlink:href="schwartz-20170428.xsd#schwartz_C000004207Member" xlink:label="loc_schwartzC000004207Member" />
      <link:presentationArc order="70" xlink:arcrole="http://www.xbrl.org/2003/arcrole/parent-child" xlink:from="loc_rrProspectusShareClassAxis" xlink:to="loc_schwartzC000004207Member" xlink:type="arc" />
    </link:presentationLink>
    <link:presentationLink xlink:type="extended" xlink:role="http://xbrl.sec.gov/rr/role/OperatingExpensesData" xlink:title="00000005 - Schedule - Annual Fund Operating Expenses">
      <link:loc xlink:type="locator" xlink:href="http://xbrl.sec.gov/rr/2012/rr-2012-01-31.xsd#rr_OperatingExpensesAbstract" xlink:label="loc_rrOperatingExpensesAbstract" />
      <link:loc xlink:type="locator" xlink:href="http://xbrl.sec.gov/rr/2012/rr-2012-01-31.xsd#rr_FeeWaiverOrReimbursementOverAssets" xlink:label="loc_rrFeeWaiverOrReimbursementOverAssets" />
      <link:presentationArc order="11.0" xlink:arcrole="http://www.xbrl.org/2003/arcrole/parent-child" xlink:from="loc_rrOperatingExpensesAbstract" xlink:to="loc_rrFeeWaiverOrReimbursementOverAssets" xlink:type="arc" use="prohibited" priority="0" />
      <link:loc xlink:type="locator" xlink:href="http://xbrl.sec.gov/rr/2012/rr-2012-01-31.xsd#rr_FeeWaiverOrReimbursementOverAssets" xlink:label="loc_rrFeeWaiverOrReimbursementOverAssets_2" />
      <link:presentationArc order="11.5" xlink:arcrole="http://www.xbrl.org/2003/arcrole/parent-child" xlink:from="loc_rrOperatingExpensesAbstract" xlink:to="loc_rrFeeWaiverOrReimbursementOverAssets_2" xlink:type="arc" preferredLabel="http://www.xbrl.org/2009/role/negatedLabel" priority="1" />
      <link:loc xlink:type="locator" xlink:href="http://xbrl.sec.gov/dei/2012/dei-2012-01-31.xsd#dei_LegalEntityAxis" xlink:label="loc_deiLegalEntityAxis" />
      <link:presentationArc xlink:type="arc" xlink:arcrole="http://www.xbrl.org/2003/arcrole/parent-child" xlink:from="loc_rrOperatingExpensesAbstract" xlink:to="loc_deiLegalEntityAxis" order="1100" />
      <link:loc xlink:type="locator" xlink:href="http://xbrl.sec.gov/dei/2012/dei-2012-01-31.xsd#dei_EntityDomain" xlink:label="loc_deiEntityDomain" />
      <link:presentationArc xlink:type="arc" xlink:arcrole="http://www.xbrl.org/2003/arcrole/parent-child" xlink:from="loc_deiLegalEntityAxis" xlink:to="loc_deiEntityDomain" order="10" />
      <link:loc xlink:type="locator" xlink:href="schwartz-20170428.xsd#schwartz_S000001548Member" xlink:label="loc_schwartzS000001548Member" />
      <link:presentationArc order="20" xlink:arcrole="http://www.xbrl.org/2003/arcrole/parent-child" xlink:from="loc_deiLegalEntityAxis" xlink:to="loc_schwartzS000001548Member" xlink:type="arc" />
      <link:loc xlink:type="locator" xlink:href="schwartz-20170428.xsd#schwartz_S000001549Member" xlink:label="loc_schwartzS000001549Member" />
      <link:presentationArc order="30" xlink:arcrole="http://www.xbrl.org/2003/arcrole/parent-child" xlink:from="loc_deiLegalEntityAxis" xlink:to="loc_schwartzS000001549Member" xlink:type="arc" />
      <link:loc xlink:type="locator" xlink:href="schwartz-20170428.xsd#schwartz_S000001550Member" xlink:label="loc_schwartzS000001550Member" />
      <link:presentationArc order="40" xlink:arcrole="http://www.xbrl.org/2003/arcrole/parent-child" xlink:from="loc_deiLegalEntityAxis" xlink:to="loc_schwartzS000001550Member" xlink:type="arc" />
      <link:loc xlink:type="locator" xlink:href="schwartz-20170428.xsd#schwartz_S000001551Member" xlink:label="loc_schwartzS000001551Member" />
      <link:presentationArc order="50" xlink:arcrole="http://www.xbrl.org/2003/arcrole/parent-child" xlink:from="loc_deiLegalEntityAxis" xlink:to="loc_schwartzS000001551Member" xlink:type="arc" />
      <link:loc xlink:type="locator" xlink:href="schwartz-20170428.xsd#schwartz_S000028831Member" xlink:label="loc_schwartzS000028831Member" />
      <link:presentationArc order="60" xlink:arcrole="http://www.xbrl.org/2003/arcrole/parent-child" xlink:from="loc_deiLegalEntityAxis" xlink:to="loc_schwartzS000028831Member" xlink:type="arc" />
      <link:loc xlink:type="locator" xlink:href="schwartz-20170428.xsd#schwartz_S000001552Member" xlink:label="loc_schwartzS000001552Member" />
      <link:presentationArc order="70" xlink:arcrole="http://www.xbrl.org/2003/arcrole/parent-child" xlink:from="loc_deiLegalEntityAxis" xlink:to="loc_schwartzS000001552Member" xlink:type="arc" />
      <link:loc xlink:type="locator" xlink:href="http://xbrl.sec.gov/rr/2012/rr-2012-01-31.xsd#rr_ProspectusShareClassAxis" xlink:label="loc_rrProspectusShareClassAxis" />
      <link:presentationArc xlink:type="arc" xlink:arcrole="http://www.xbrl.org/2003/arcrole/parent-child" xlink:from="loc_rrOperatingExpensesAbstract" xlink:to="loc_rrProspectusShareClassAxis" order="1300" />
      <link:loc xlink:type="locator" xlink:href="http://xbrl.sec.gov/rr/2012/rr-2012-01-31.xsd#rr_ShareClassDomain" xlink:label="loc_rrShareClassDomain" />
      <link:presentationArc xlink:type="arc" xlink:arcrole="http://www.xbrl.org/2003/arcrole/parent-child" xlink:from="loc_rrProspectusShareClassAxis" xlink:to="loc_rrShareClassDomain" order="10" />
      <link:loc xlink:type="locator" xlink:href="schwartz-20170428.xsd#schwartz_C000004202Member" xlink:label="loc_schwartzC000004202Member" />
      <link:presentationArc order="20" xlink:arcrole="http://www.xbrl.org/2003/arcrole/parent-child" xlink:from="loc_rrProspectusShareClassAxis" xlink:to="loc_schwartzC000004202Member" xlink:type="arc" />
      <link:loc xlink:type="locator" xlink:href="schwartz-20170428.xsd#schwartz_C000004203Member" xlink:label="loc_schwartzC000004203Member" />
      <link:presentationArc order="30" xlink:arcrole="http://www.xbrl.org/2003/arcrole/parent-child" xlink:from="loc_rrProspectusShareClassAxis" xlink:to="loc_schwartzC000004203Member" xlink:type="arc" />
      <link:loc xlink:type="locator" xlink:href="schwartz-20170428.xsd#schwartz_C000004204Member" xlink:label="loc_schwartzC000004204Member" />
      <link:presentationArc order="40" xlink:arcrole="http://www.xbrl.org/2003/arcrole/parent-child" xlink:from="loc_rrProspectusShareClassAxis" xlink:to="loc_schwartzC000004204Member" xlink:type="arc" />
      <link:loc xlink:type="locator" xlink:href="schwartz-20170428.xsd#schwartz_C000004205Member" xlink:label="loc_schwartzC000004205Member" />
      <link:presentationArc order="50" xlink:arcrole="http://www.xbrl.org/2003/arcrole/parent-child" xlink:from="loc_rrProspectusShareClassAxis" xlink:to="loc_schwartzC000004205Member" xlink:type="arc" />
      <link:loc xlink:type="locator" xlink:href="schwartz-20170428.xsd#schwartz_C000088418Member" xlink:label="loc_schwartzC000088418Member" />
      <link:presentationArc order="60" xlink:arcrole="http://www.xbrl.org/2003/arcrole/parent-child" xlink:from="loc_rrProspectusShareClassAxis" xlink:to="loc_schwartzC000088418Member" xlink:type="arc" />
      <link:loc xlink:type="locator" xlink:href="schwartz-20170428.xsd#schwartz_C000004207Member" xlink:label="loc_schwartzC000004207Member" />
      <link:presentationArc order="70" xlink:arcrole="http://www.xbrl.org/2003/arcrole/parent-child" xlink:from="loc_rrProspectusShareClassAxis" xlink:to="loc_schwartzC000004207Member" xlink:type="arc" />
    </link:presentationLink>
    <link:presentationLink xlink:type="extended" xlink:role="http://xbrl.sec.gov/rr/role/ExpenseExample" xlink:title="00000006 - Schedule - Expense Example {Transposed}">
      <link:loc xlink:type="locator" xlink:href="http://xbrl.sec.gov/rr/2012/rr-2012-01-31.xsd#rr_ExpenseExampleAbstract" xlink:label="loc_rrExpenseExampleAbstract" />
      <link:loc xlink:type="locator" xlink:href="http://xbrl.sec.gov/dei/2012/dei-2012-01-31.xsd#dei_LegalEntityAxis" xlink:label="loc_deiLegalEntityAxis" />
      <link:presentationArc xlink:type="arc" xlink:arcrole="http://www.xbrl.org/2003/arcrole/parent-child" xlink:from="loc_rrExpenseExampleAbstract" xlink:to="loc_deiLegalEntityAxis" order="1100" />
      <link:loc xlink:type="locator" xlink:href="http://xbrl.sec.gov/dei/2012/dei-2012-01-31.xsd#dei_EntityDomain" xlink:label="loc_deiEntityDomain" />
      <link:presentationArc xlink:type="arc" xlink:arcrole="http://www.xbrl.org/2003/arcrole/parent-child" xlink:from="loc_deiLegalEntityAxis" xlink:to="loc_deiEntityDomain" order="10" />
      <link:loc xlink:type="locator" xlink:href="schwartz-20170428.xsd#schwartz_S000001548Member" xlink:label="loc_schwartzS000001548Member" />
      <link:presentationArc order="20" xlink:arcrole="http://www.xbrl.org/2003/arcrole/parent-child" xlink:from="loc_deiLegalEntityAxis" xlink:to="loc_schwartzS000001548Member" xlink:type="arc" />
      <link:loc xlink:type="locator" xlink:href="schwartz-20170428.xsd#schwartz_S000001549Member" xlink:label="loc_schwartzS000001549Member" />
      <link:presentationArc order="30" xlink:arcrole="http://www.xbrl.org/2003/arcrole/parent-child" xlink:from="loc_deiLegalEntityAxis" xlink:to="loc_schwartzS000001549Member" xlink:type="arc" />
      <link:loc xlink:type="locator" xlink:href="schwartz-20170428.xsd#schwartz_S000001550Member" xlink:label="loc_schwartzS000001550Member" />
      <link:presentationArc order="40" xlink:arcrole="http://www.xbrl.org/2003/arcrole/parent-child" xlink:from="loc_deiLegalEntityAxis" xlink:to="loc_schwartzS000001550Member" xlink:type="arc" />
      <link:loc xlink:type="locator" xlink:href="schwartz-20170428.xsd#schwartz_S000001551Member" xlink:label="loc_schwartzS000001551Member" />
      <link:presentationArc order="50" xlink:arcrole="http://www.xbrl.org/2003/arcrole/parent-child" xlink:from="loc_deiLegalEntityAxis" xlink:to="loc_schwartzS000001551Member" xlink:type="arc" />
      <link:loc xlink:type="locator" xlink:href="schwartz-20170428.xsd#schwartz_S000028831Member" xlink:label="loc_schwartzS000028831Member" />
      <link:presentationArc order="60" xlink:arcrole="http://www.xbrl.org/2003/arcrole/parent-child" xlink:from="loc_deiLegalEntityAxis" xlink:to="loc_schwartzS000028831Member" xlink:type="arc" />
      <link:loc xlink:type="locator" xlink:href="schwartz-20170428.xsd#schwartz_S000001552Member" xlink:label="loc_schwartzS000001552Member" />
      <link:presentationArc order="70" xlink:arcrole="http://www.xbrl.org/2003/arcrole/parent-child" xlink:from="loc_deiLegalEntityAxis" xlink:to="loc_schwartzS000001552Member" xlink:type="arc" />
      <link:loc xlink:type="locator" xlink:href="http://xbrl.sec.gov/rr/2012/rr-2012-01-31.xsd#rr_ProspectusShareClassAxis" xlink:label="loc_rrProspectusShareClassAxis" />
      <link:presentationArc xlink:type="arc" xlink:arcrole="http://www.xbrl.org/2003/arcrole/parent-child" xlink:from="loc_rrExpenseExampleAbstract" xlink:to="loc_rrProspectusShareClassAxis" order="1300" />
      <link:loc xlink:type="locator" xlink:href="http://xbrl.sec.gov/rr/2012/rr-2012-01-31.xsd#rr_ShareClassDomain" xlink:label="loc_rrShareClassDomain" />
      <link:presentationArc xlink:type="arc" xlink:arcrole="http://www.xbrl.org/2003/arcrole/parent-child" xlink:from="loc_rrProspectusShareClassAxis" xlink:to="loc_rrShareClassDomain" order="10" />
      <link:loc xlink:type="locator" xlink:href="schwartz-20170428.xsd#schwartz_C000004202Member" xlink:label="loc_schwartzC000004202Member" />
      <link:presentationArc order="20" xlink:arcrole="http://www.xbrl.org/2003/arcrole/parent-child" xlink:from="loc_rrProspectusShareClassAxis" xlink:to="loc_schwartzC000004202Member" xlink:type="arc" />
      <link:loc xlink:type="locator" xlink:href="schwartz-20170428.xsd#schwartz_C000004203Member" xlink:label="loc_schwartzC000004203Member" />
      <link:presentationArc order="30" xlink:arcrole="http://www.xbrl.org/2003/arcrole/parent-child" xlink:from="loc_rrProspectusShareClassAxis" xlink:to="loc_schwartzC000004203Member" xlink:type="arc" />
      <link:loc xlink:type="locator" xlink:href="schwartz-20170428.xsd#schwartz_C000004204Member" xlink:label="loc_schwartzC000004204Member" />
      <link:presentationArc order="40" xlink:arcrole="http://www.xbrl.org/2003/arcrole/parent-child" xlink:from="loc_rrProspectusShareClassAxis" xlink:to="loc_schwartzC000004204Member" xlink:type="arc" />
      <link:loc xlink:type="locator" xlink:href="schwartz-20170428.xsd#schwartz_C000004205Member" xlink:label="loc_schwartzC000004205Member" />
      <link:presentationArc order="50" xlink:arcrole="http://www.xbrl.org/2003/arcrole/parent-child" xlink:from="loc_rrProspectusShareClassAxis" xlink:to="loc_schwartzC000004205Member" xlink:type="arc" />
      <link:loc xlink:type="locator" xlink:href="schwartz-20170428.xsd#schwartz_C000088418Member" xlink:label="loc_schwartzC000088418Member" />
      <link:presentationArc order="60" xlink:arcrole="http://www.xbrl.org/2003/arcrole/parent-child" xlink:from="loc_rrProspectusShareClassAxis" xlink:to="loc_schwartzC000088418Member" xlink:type="arc" />
      <link:loc xlink:type="locator" xlink:href="schwartz-20170428.xsd#schwartz_C000004207Member" xlink:label="loc_schwartzC000004207Member" />
      <link:presentationArc order="70" xlink:arcrole="http://www.xbrl.org/2003/arcrole/parent-child" xlink:from="loc_rrProspectusShareClassAxis" xlink:to="loc_schwartzC000004207Member" xlink:type="arc" />
    </link:presentationLink>
    <link:presentationLink xlink:type="extended" xlink:role="http://xbrl.sec.gov/rr/role/ExpenseExampleNoRedemption" xlink:title="00000007 - Schedule - Expense Example, No Redemption {Transposed}">
      <link:loc xlink:type="locator" xlink:href="http://xbrl.sec.gov/rr/2012/rr-2012-01-31.xsd#rr_ExpenseExampleNoRedemptionAbstract" xlink:label="loc_rrExpenseExampleNoRedemptionAbstract" />
      <link:loc xlink:type="locator" xlink:href="http://xbrl.sec.gov/dei/2012/dei-2012-01-31.xsd#dei_LegalEntityAxis" xlink:label="loc_deiLegalEntityAxis" />
      <link:presentationArc xlink:type="arc" xlink:arcrole="http://www.xbrl.org/2003/arcrole/parent-child" xlink:from="loc_rrExpenseExampleNoRedemptionAbstract" xlink:to="loc_deiLegalEntityAxis" order="1100" />
      <link:loc xlink:type="locator" xlink:href="http://xbrl.sec.gov/dei/2012/dei-2012-01-31.xsd#dei_EntityDomain" xlink:label="loc_deiEntityDomain" />
      <link:presentationArc xlink:type="arc" xlink:arcrole="http://www.xbrl.org/2003/arcrole/parent-child" xlink:from="loc_deiLegalEntityAxis" xlink:to="loc_deiEntityDomain" order="10" />
      <link:loc xlink:type="locator" xlink:href="schwartz-20170428.xsd#schwartz_S000001548Member" xlink:label="loc_schwartzS000001548Member" />
      <link:presentationArc order="20" xlink:arcrole="http://www.xbrl.org/2003/arcrole/parent-child" xlink:from="loc_deiLegalEntityAxis" xlink:to="loc_schwartzS000001548Member" xlink:type="arc" />
      <link:loc xlink:type="locator" xlink:href="schwartz-20170428.xsd#schwartz_S000001549Member" xlink:label="loc_schwartzS000001549Member" />
      <link:presentationArc order="30" xlink:arcrole="http://www.xbrl.org/2003/arcrole/parent-child" xlink:from="loc_deiLegalEntityAxis" xlink:to="loc_schwartzS000001549Member" xlink:type="arc" />
      <link:loc xlink:type="locator" xlink:href="schwartz-20170428.xsd#schwartz_S000001550Member" xlink:label="loc_schwartzS000001550Member" />
      <link:presentationArc order="40" xlink:arcrole="http://www.xbrl.org/2003/arcrole/parent-child" xlink:from="loc_deiLegalEntityAxis" xlink:to="loc_schwartzS000001550Member" xlink:type="arc" />
      <link:loc xlink:type="locator" xlink:href="schwartz-20170428.xsd#schwartz_S000001551Member" xlink:label="loc_schwartzS000001551Member" />
      <link:presentationArc order="50" xlink:arcrole="http://www.xbrl.org/2003/arcrole/parent-child" xlink:from="loc_deiLegalEntityAxis" xlink:to="loc_schwartzS000001551Member" xlink:type="arc" />
      <link:loc xlink:type="locator" xlink:href="schwartz-20170428.xsd#schwartz_S000028831Member" xlink:label="loc_schwartzS000028831Member" />
      <link:presentationArc order="60" xlink:arcrole="http://www.xbrl.org/2003/arcrole/parent-child" xlink:from="loc_deiLegalEntityAxis" xlink:to="loc_schwartzS000028831Member" xlink:type="arc" />
      <link:loc xlink:type="locator" xlink:href="schwartz-20170428.xsd#schwartz_S000001552Member" xlink:label="loc_schwartzS000001552Member" />
      <link:presentationArc order="70" xlink:arcrole="http://www.xbrl.org/2003/arcrole/parent-child" xlink:from="loc_deiLegalEntityAxis" xlink:to="loc_schwartzS000001552Member" xlink:type="arc" />
      <link:loc xlink:type="locator" xlink:href="http://xbrl.sec.gov/rr/2012/rr-2012-01-31.xsd#rr_ProspectusShareClassAxis" xlink:label="loc_rrProspectusShareClassAxis" />
      <link:presentationArc xlink:type="arc" xlink:arcrole="http://www.xbrl.org/2003/arcrole/parent-child" xlink:from="loc_rrExpenseExampleNoRedemptionAbstract" xlink:to="loc_rrProspectusShareClassAxis" order="1300" />
      <link:loc xlink:type="locator" xlink:href="http://xbrl.sec.gov/rr/2012/rr-2012-01-31.xsd#rr_ShareClassDomain" xlink:label="loc_rrShareClassDomain" />
      <link:presentationArc xlink:type="arc" xlink:arcrole="http://www.xbrl.org/2003/arcrole/parent-child" xlink:from="loc_rrProspectusShareClassAxis" xlink:to="loc_rrShareClassDomain" order="10" />
      <link:loc xlink:type="locator" xlink:href="schwartz-20170428.xsd#schwartz_C000004202Member" xlink:label="loc_schwartzC000004202Member" />
      <link:presentationArc order="20" xlink:arcrole="http://www.xbrl.org/2003/arcrole/parent-child" xlink:from="loc_rrProspectusShareClassAxis" xlink:to="loc_schwartzC000004202Member" xlink:type="arc" />
      <link:loc xlink:type="locator" xlink:href="schwartz-20170428.xsd#schwartz_C000004203Member" xlink:label="loc_schwartzC000004203Member" />
      <link:presentationArc order="30" xlink:arcrole="http://www.xbrl.org/2003/arcrole/parent-child" xlink:from="loc_rrProspectusShareClassAxis" xlink:to="loc_schwartzC000004203Member" xlink:type="arc" />
      <link:loc xlink:type="locator" xlink:href="schwartz-20170428.xsd#schwartz_C000004204Member" xlink:label="loc_schwartzC000004204Member" />
      <link:presentationArc order="40" xlink:arcrole="http://www.xbrl.org/2003/arcrole/parent-child" xlink:from="loc_rrProspectusShareClassAxis" xlink:to="loc_schwartzC000004204Member" xlink:type="arc" />
      <link:loc xlink:type="locator" xlink:href="schwartz-20170428.xsd#schwartz_C000004205Member" xlink:label="loc_schwartzC000004205Member" />
      <link:presentationArc order="50" xlink:arcrole="http://www.xbrl.org/2003/arcrole/parent-child" xlink:from="loc_rrProspectusShareClassAxis" xlink:to="loc_schwartzC000004205Member" xlink:type="arc" />
      <link:loc xlink:type="locator" xlink:href="schwartz-20170428.xsd#schwartz_C000088418Member" xlink:label="loc_schwartzC000088418Member" />
      <link:presentationArc order="60" xlink:arcrole="http://www.xbrl.org/2003/arcrole/parent-child" xlink:from="loc_rrProspectusShareClassAxis" xlink:to="loc_schwartzC000088418Member" xlink:type="arc" />
      <link:loc xlink:type="locator" xlink:href="schwartz-20170428.xsd#schwartz_C000004207Member" xlink:label="loc_schwartzC000004207Member" />
      <link:presentationArc order="70" xlink:arcrole="http://www.xbrl.org/2003/arcrole/parent-child" xlink:from="loc_rrProspectusShareClassAxis" xlink:to="loc_schwartzC000004207Member" xlink:type="arc" />
    </link:presentationLink>
    <link:presentationLink xlink:type="extended" xlink:role="http://xbrl.sec.gov/rr/role/BarChartData" xlink:title="00000008 - Schedule - Annual Total Returns">
      <link:loc xlink:type="locator" xlink:href="http://xbrl.sec.gov/rr/2012/rr-2012-01-31.xsd#rr_BarChartTableAbstract" xlink:label="loc_rrBarChartTableAbstract" />
      <link:loc xlink:type="locator" xlink:href="http://xbrl.sec.gov/dei/2012/dei-2012-01-31.xsd#dei_LegalEntityAxis" xlink:label="loc_deiLegalEntityAxis" />
      <link:presentationArc xlink:type="arc" xlink:arcrole="http://www.xbrl.org/2003/arcrole/parent-child" xlink:from="loc_rrBarChartTableAbstract" xlink:to="loc_deiLegalEntityAxis" order="1100" />
      <link:loc xlink:type="locator" xlink:href="http://xbrl.sec.gov/dei/2012/dei-2012-01-31.xsd#dei_EntityDomain" xlink:label="loc_deiEntityDomain" />
      <link:presentationArc xlink:type="arc" xlink:arcrole="http://www.xbrl.org/2003/arcrole/parent-child" xlink:from="loc_deiLegalEntityAxis" xlink:to="loc_deiEntityDomain" order="10" />
      <link:loc xlink:type="locator" xlink:href="schwartz-20170428.xsd#schwartz_S000001548Member" xlink:label="loc_schwartzS000001548Member" />
      <link:presentationArc order="20" xlink:arcrole="http://www.xbrl.org/2003/arcrole/parent-child" xlink:from="loc_deiLegalEntityAxis" xlink:to="loc_schwartzS000001548Member" xlink:type="arc" />
      <link:loc xlink:type="locator" xlink:href="schwartz-20170428.xsd#schwartz_S000001549Member" xlink:label="loc_schwartzS000001549Member" />
      <link:presentationArc order="30" xlink:arcrole="http://www.xbrl.org/2003/arcrole/parent-child" xlink:from="loc_deiLegalEntityAxis" xlink:to="loc_schwartzS000001549Member" xlink:type="arc" />
      <link:loc xlink:type="locator" xlink:href="schwartz-20170428.xsd#schwartz_S000001550Member" xlink:label="loc_schwartzS000001550Member" />
      <link:presentationArc order="40" xlink:arcrole="http://www.xbrl.org/2003/arcrole/parent-child" xlink:from="loc_deiLegalEntityAxis" xlink:to="loc_schwartzS000001550Member" xlink:type="arc" />
      <link:loc xlink:type="locator" xlink:href="schwartz-20170428.xsd#schwartz_S000001551Member" xlink:label="loc_schwartzS000001551Member" />
      <link:presentationArc order="50" xlink:arcrole="http://www.xbrl.org/2003/arcrole/parent-child" xlink:from="loc_deiLegalEntityAxis" xlink:to="loc_schwartzS000001551Member" xlink:type="arc" />
      <link:loc xlink:type="locator" xlink:href="schwartz-20170428.xsd#schwartz_S000028831Member" xlink:label="loc_schwartzS000028831Member" />
      <link:presentationArc order="60" xlink:arcrole="http://www.xbrl.org/2003/arcrole/parent-child" xlink:from="loc_deiLegalEntityAxis" xlink:to="loc_schwartzS000028831Member" xlink:type="arc" />
      <link:loc xlink:type="locator" xlink:href="schwartz-20170428.xsd#schwartz_S000001552Member" xlink:label="loc_schwartzS000001552Member" />
      <link:presentationArc order="70" xlink:arcrole="http://www.xbrl.org/2003/arcrole/parent-child" xlink:from="loc_deiLegalEntityAxis" xlink:to="loc_schwartzS000001552Member" xlink:type="arc" />
      <link:loc xlink:type="locator" xlink:href="http://xbrl.sec.gov/rr/2012/rr-2012-01-31.xsd#rr_ProspectusShareClassAxis" xlink:label="loc_rrProspectusShareClassAxis" />
      <link:presentationArc xlink:type="arc" xlink:arcrole="http://www.xbrl.org/2003/arcrole/parent-child" xlink:from="loc_rrBarChartTableAbstract" xlink:to="loc_rrProspectusShareClassAxis" order="1300" />
      <link:loc xlink:type="locator" xlink:href="http://xbrl.sec.gov/rr/2012/rr-2012-01-31.xsd#rr_ShareClassDomain" xlink:label="loc_rrShareClassDomain" />
      <link:presentationArc xlink:type="arc" xlink:arcrole="http://www.xbrl.org/2003/arcrole/parent-child" xlink:from="loc_rrProspectusShareClassAxis" xlink:to="loc_rrShareClassDomain" order="10" />
      <link:loc xlink:type="locator" xlink:href="schwartz-20170428.xsd#schwartz_C000004202Member" xlink:label="loc_schwartzC000004202Member" />
      <link:presentationArc order="20" xlink:arcrole="http://www.xbrl.org/2003/arcrole/parent-child" xlink:from="loc_rrProspectusShareClassAxis" xlink:to="loc_schwartzC000004202Member" xlink:type="arc" />
      <link:loc xlink:type="locator" xlink:href="schwartz-20170428.xsd#schwartz_C000004203Member" xlink:label="loc_schwartzC000004203Member" />
      <link:presentationArc order="30" xlink:arcrole="http://www.xbrl.org/2003/arcrole/parent-child" xlink:from="loc_rrProspectusShareClassAxis" xlink:to="loc_schwartzC000004203Member" xlink:type="arc" />
      <link:loc xlink:type="locator" xlink:href="schwartz-20170428.xsd#schwartz_C000004204Member" xlink:label="loc_schwartzC000004204Member" />
      <link:presentationArc order="40" xlink:arcrole="http://www.xbrl.org/2003/arcrole/parent-child" xlink:from="loc_rrProspectusShareClassAxis" xlink:to="loc_schwartzC000004204Member" xlink:type="arc" />
      <link:loc xlink:type="locator" xlink:href="schwartz-20170428.xsd#schwartz_C000004205Member" xlink:label="loc_schwartzC000004205Member" />
      <link:presentationArc order="50" xlink:arcrole="http://www.xbrl.org/2003/arcrole/parent-child" xlink:from="loc_rrProspectusShareClassAxis" xlink:to="loc_schwartzC000004205Member" xlink:type="arc" />
      <link:loc xlink:type="locator" xlink:href="schwartz-20170428.xsd#schwartz_C000088418Member" xlink:label="loc_schwartzC000088418Member" />
      <link:presentationArc order="60" xlink:arcrole="http://www.xbrl.org/2003/arcrole/parent-child" xlink:from="loc_rrProspectusShareClassAxis" xlink:to="loc_schwartzC000088418Member" xlink:type="arc" />
      <link:loc xlink:type="locator" xlink:href="schwartz-20170428.xsd#schwartz_C000004207Member" xlink:label="loc_schwartzC000004207Member" />
      <link:presentationArc order="70" xlink:arcrole="http://www.xbrl.org/2003/arcrole/parent-child" xlink:from="loc_rrProspectusShareClassAxis" xlink:to="loc_schwartzC000004207Member" xlink:type="arc" />
    </link:presentationLink>
    <link:presentationLink xlink:type="extended" xlink:role="http://xbrl.sec.gov/rr/role/PerformanceTableData" xlink:title="00000009 - Schedule - Average Annual Total Returns {Transposed}">
      <link:loc xlink:type="locator" xlink:href="http://xbrl.sec.gov/rr/2012/rr-2012-01-31.xsd#rr_AverageAnnualReturnAbstract" xlink:label="loc_rrAverageAnnualReturnAbstract" />
      <link:loc xlink:type="locator" xlink:href="http://xbrl.sec.gov/dei/2012/dei-2012-01-31.xsd#dei_LegalEntityAxis" xlink:label="loc_deiLegalEntityAxis" />
      <link:presentationArc xlink:type="arc" xlink:arcrole="http://www.xbrl.org/2003/arcrole/parent-child" xlink:from="loc_rrAverageAnnualReturnAbstract" xlink:to="loc_deiLegalEntityAxis" order="1100" />
      <link:loc xlink:type="locator" xlink:href="http://xbrl.sec.gov/dei/2012/dei-2012-01-31.xsd#dei_EntityDomain" xlink:label="loc_deiEntityDomain" />
      <link:presentationArc xlink:type="arc" xlink:arcrole="http://www.xbrl.org/2003/arcrole/parent-child" xlink:from="loc_deiLegalEntityAxis" xlink:to="loc_deiEntityDomain" order="10" />
      <link:loc xlink:type="locator" xlink:href="schwartz-20170428.xsd#schwartz_S000001548Member" xlink:label="loc_schwartzS000001548Member" />
      <link:presentationArc order="20" xlink:arcrole="http://www.xbrl.org/2003/arcrole/parent-child" xlink:from="loc_deiLegalEntityAxis" xlink:to="loc_schwartzS000001548Member" xlink:type="arc" />
      <link:loc xlink:type="locator" xlink:href="schwartz-20170428.xsd#schwartz_S000001549Member" xlink:label="loc_schwartzS000001549Member" />
      <link:presentationArc order="30" xlink:arcrole="http://www.xbrl.org/2003/arcrole/parent-child" xlink:from="loc_deiLegalEntityAxis" xlink:to="loc_schwartzS000001549Member" xlink:type="arc" />
      <link:loc xlink:type="locator" xlink:href="schwartz-20170428.xsd#schwartz_S000001550Member" xlink:label="loc_schwartzS000001550Member" />
      <link:presentationArc order="40" xlink:arcrole="http://www.xbrl.org/2003/arcrole/parent-child" xlink:from="loc_deiLegalEntityAxis" xlink:to="loc_schwartzS000001550Member" xlink:type="arc" />
      <link:loc xlink:type="locator" xlink:href="schwartz-20170428.xsd#schwartz_S000001551Member" xlink:label="loc_schwartzS000001551Member" />
      <link:presentationArc order="50" xlink:arcrole="http://www.xbrl.org/2003/arcrole/parent-child" xlink:from="loc_deiLegalEntityAxis" xlink:to="loc_schwartzS000001551Member" xlink:type="arc" />
      <link:loc xlink:type="locator" xlink:href="schwartz-20170428.xsd#schwartz_S000028831Member" xlink:label="loc_schwartzS000028831Member" />
      <link:presentationArc order="60" xlink:arcrole="http://www.xbrl.org/2003/arcrole/parent-child" xlink:from="loc_deiLegalEntityAxis" xlink:to="loc_schwartzS000028831Member" xlink:type="arc" />
      <link:loc xlink:type="locator" xlink:href="schwartz-20170428.xsd#schwartz_S000001552Member" xlink:label="loc_schwartzS000001552Member" />
      <link:presentationArc order="70" xlink:arcrole="http://www.xbrl.org/2003/arcrole/parent-child" xlink:from="loc_deiLegalEntityAxis" xlink:to="loc_schwartzS000001552Member" xlink:type="arc" />
      <link:loc xlink:type="locator" xlink:href="http://xbrl.sec.gov/rr/2012/rr-2012-01-31.xsd#rr_ProspectusShareClassAxis" xlink:label="loc_rrProspectusShareClassAxis" />
      <link:presentationArc xlink:type="arc" xlink:arcrole="http://www.xbrl.org/2003/arcrole/parent-child" xlink:from="loc_rrAverageAnnualReturnAbstract" xlink:to="loc_rrProspectusShareClassAxis" order="1300" />
      <link:loc xlink:type="locator" xlink:href="http://xbrl.sec.gov/rr/2012/rr-2012-01-31.xsd#rr_ShareClassDomain" xlink:label="loc_rrShareClassDomain" />
      <link:presentationArc xlink:type="arc" xlink:arcrole="http://www.xbrl.org/2003/arcrole/parent-child" xlink:from="loc_rrProspectusShareClassAxis" xlink:to="loc_rrShareClassDomain" order="100" />
      <link:loc xlink:type="locator" xlink:href="schwartz-20170428.xsd#schwartz_C000004202Member" xlink:label="loc_schwartzC000004202Member" />
      <link:presentationArc order="0" xlink:arcrole="http://www.xbrl.org/2003/arcrole/parent-child" xlink:from="loc_rrProspectusShareClassAxis" xlink:to="loc_schwartzC000004202Member" xlink:type="arc" />
      <link:loc xlink:type="locator" xlink:href="schwartz-20170428.xsd#schwartz_C000004203Member" xlink:label="loc_schwartzC000004203Member" />
      <link:presentationArc order="10" xlink:arcrole="http://www.xbrl.org/2003/arcrole/parent-child" xlink:from="loc_rrProspectusShareClassAxis" xlink:to="loc_schwartzC000004203Member" xlink:type="arc" />
      <link:loc xlink:type="locator" xlink:href="schwartz-20170428.xsd#schwartz_C000004204Member" xlink:label="loc_schwartzC000004204Member" />
      <link:presentationArc order="20" xlink:arcrole="http://www.xbrl.org/2003/arcrole/parent-child" xlink:from="loc_rrProspectusShareClassAxis" xlink:to="loc_schwartzC000004204Member" xlink:type="arc" />
      <link:loc xlink:type="locator" xlink:href="schwartz-20170428.xsd#schwartz_C000004205Member" xlink:label="loc_schwartzC000004205Member" />
      <link:presentationArc order="30" xlink:arcrole="http://www.xbrl.org/2003/arcrole/parent-child" xlink:from="loc_rrProspectusShareClassAxis" xlink:to="loc_schwartzC000004205Member" xlink:type="arc" />
      <link:loc xlink:type="locator" xlink:href="schwartz-20170428.xsd#schwartz_C000088418Member" xlink:label="loc_schwartzC000088418Member" />
      <link:presentationArc order="40" xlink:arcrole="http://www.xbrl.org/2003/arcrole/parent-child" xlink:from="loc_rrProspectusShareClassAxis" xlink:to="loc_schwartzC000088418Member" xlink:type="arc" />
      <link:loc xlink:type="locator" xlink:href="schwartz-20170428.xsd#schwartz_C000004207Member" xlink:label="loc_schwartzC000004207Member" />
      <link:presentationArc order="50" xlink:arcrole="http://www.xbrl.org/2003/arcrole/parent-child" xlink:from="loc_rrProspectusShareClassAxis" xlink:to="loc_schwartzC000004207Member" xlink:type="arc" />
      <link:loc xlink:type="locator" xlink:href="http://xbrl.sec.gov/rr/2012/rr-2012-01-31.xsd#rr_PerformanceMeasureAxis" xlink:label="loc_rrPerformanceMeasureAxis" />
      <link:presentationArc xlink:type="arc" xlink:arcrole="http://www.xbrl.org/2003/arcrole/parent-child" xlink:from="loc_rrAverageAnnualReturnAbstract" xlink:to="loc_rrPerformanceMeasureAxis" order="1200" />
      <link:loc xlink:type="locator" xlink:href="http://xbrl.sec.gov/rr/2012/rr-2012-01-31.xsd#rr_PerformanceMeasureDomain" xlink:label="loc_rrPerformanceMeasureDomain" />
      <link:presentationArc xlink:type="arc" xlink:arcrole="http://www.xbrl.org/2003/arcrole/parent-child" xlink:from="loc_rrPerformanceMeasureAxis" xlink:to="loc_rrPerformanceMeasureDomain" order="100" />
      <link:loc xlink:type="locator" xlink:href="http://xbrl.sec.gov/rr/2012/rr-2012-01-31.xsd#rr_AfterTaxesOnDistributionsMember" xlink:label="loc_rrAfterTaxesOnDistributionsMember" />
      <link:presentationArc xlink:type="arc" xlink:arcrole="http://www.xbrl.org/2003/arcrole/parent-child" xlink:from="loc_rrPerformanceMeasureAxis" xlink:to="loc_rrAfterTaxesOnDistributionsMember" order="120" />
      <link:loc xlink:type="locator" xlink:href="http://xbrl.sec.gov/rr/2012/rr-2012-01-31.xsd#rr_AfterTaxesOnDistributionsAndSalesMember" xlink:label="loc_rrAfterTaxesOnDistributionsAndSalesMember" />
      <link:presentationArc xlink:type="arc" xlink:arcrole="http://www.xbrl.org/2003/arcrole/parent-child" xlink:from="loc_rrPerformanceMeasureAxis" xlink:to="loc_rrAfterTaxesOnDistributionsAndSalesMember" order="130" />
      <link:loc xlink:type="locator" xlink:href="schwartz-20170428.xsd#schwartz_Index1Member" xlink:label="loc_schwartzIndex1Member" />
      <link:presentationArc order="200" xlink:arcrole="http://www.xbrl.org/2003/arcrole/parent-child" xlink:from="loc_rrPerformanceMeasureAxis" xlink:to="loc_schwartzIndex1Member" xlink:type="arc" preferredLabel="http://www.xbrl.org/2003/role/verboseLabel" />
      <link:loc xlink:type="locator" xlink:href="schwartz-20170428.xsd#schwartz_Index2Member" xlink:label="loc_schwartzIndex2Member" />
      <link:presentationArc order="210" xlink:arcrole="http://www.xbrl.org/2003/arcrole/parent-child" xlink:from="loc_rrPerformanceMeasureAxis" xlink:to="loc_schwartzIndex2Member" xlink:type="arc" preferredLabel="http://www.xbrl.org/2003/role/verboseLabel" />
      <link:loc xlink:type="locator" xlink:href="schwartz-20170428.xsd#schwartz_Index3Member" xlink:label="loc_schwartzIndex3Member" />
      <link:presentationArc order="220" xlink:arcrole="http://www.xbrl.org/2003/arcrole/parent-child" xlink:from="loc_rrPerformanceMeasureAxis" xlink:to="loc_schwartzIndex3Member" xlink:type="arc" preferredLabel="http://www.xbrl.org/2003/role/verboseLabel" />
      <link:loc xlink:type="locator" xlink:href="schwartz-20170428.xsd#schwartz_Index4Member" xlink:label="loc_schwartzIndex4Member" />
      <link:presentationArc order="230" xlink:arcrole="http://www.xbrl.org/2003/arcrole/parent-child" xlink:from="loc_rrPerformanceMeasureAxis" xlink:to="loc_schwartzIndex4Member" xlink:type="arc" preferredLabel="http://www.xbrl.org/2003/role/verboseLabel" />
      <link:loc xlink:type="locator" xlink:href="schwartz-20170428.xsd#schwartz_Index5Member" xlink:label="loc_schwartzIndex5Member" />
      <link:presentationArc order="240" xlink:arcrole="http://www.xbrl.org/2003/arcrole/parent-child" xlink:from="loc_rrPerformanceMeasureAxis" xlink:to="loc_schwartzIndex5Member" xlink:type="arc" />
      <link:loc xlink:type="locator" xlink:href="schwartz-20170428.xsd#schwartz_Index6Member" xlink:label="loc_schwartzIndex6Member" />
      <link:presentationArc order="250" xlink:arcrole="http://www.xbrl.org/2003/arcrole/parent-child" xlink:from="loc_rrPerformanceMeasureAxis" xlink:to="loc_schwartzIndex6Member" xlink:type="arc" />
      <link:loc xlink:type="locator" xlink:href="schwartz-20170428.xsd#schwartz_Index7Member" xlink:label="loc_schwartzIndex7Member" />
      <link:presentationArc order="260" xlink:arcrole="http://www.xbrl.org/2003/arcrole/parent-child" xlink:from="loc_rrPerformanceMeasureAxis" xlink:to="loc_schwartzIndex7Member" xlink:type="arc" />
    </link:presentationLink>
    <link:presentationLink xlink:type="extended" xlink:role="http://xbrl.sec.gov/rr/role/RiskReturnDetail" xlink:title="00000010 - Document - Risk/Return Detail {Unlabeled}">
      <link:loc xlink:type="locator" xlink:href="http://xbrl.sec.gov/rr/2012/rr-2012-01-31.xsd#rr_RiskReturnAbstract" xlink:label="loc_rrRiskReturnAbstract" />
    </link:presentationLink>
    <link:presentationLink xlink:type="extended" xlink:role="http://xbrl.sec.gov/rr/role/RiskReturnDetailData" xlink:title="00000011 - Disclosure - Risk/Return Detail Data {Elements}">
      <link:loc xlink:type="locator" xlink:href="http://xbrl.sec.gov/rr/2012/rr-2012-01-31.xsd#rr_RiskReturnAbstract" xlink:label="loc_rrRiskReturnAbstract" />
      <link:loc xlink:type="locator" xlink:href="http://xbrl.sec.gov/dei/2012/dei-2012-01-31.xsd#dei_LegalEntityAxis" xlink:label="loc_deiLegalEntityAxis" />
      <link:presentationArc xlink:type="arc" xlink:arcrole="http://www.xbrl.org/2003/arcrole/parent-child" xlink:from="loc_rrRiskReturnAbstract" xlink:to="loc_deiLegalEntityAxis" order="1100" />
      <link:loc xlink:type="locator" xlink:href="http://xbrl.sec.gov/dei/2012/dei-2012-01-31.xsd#dei_EntityDomain" xlink:label="loc_deiEntityDomain" />
      <link:presentationArc xlink:type="arc" xlink:arcrole="http://www.xbrl.org/2003/arcrole/parent-child" xlink:from="loc_deiLegalEntityAxis" xlink:to="loc_deiEntityDomain" order="10" />
      <link:loc xlink:type="locator" xlink:href="schwartz-20170428.xsd#schwartz_S000001548Member" xlink:label="loc_schwartzS000001548Member" />
      <link:presentationArc order="20" xlink:arcrole="http://www.xbrl.org/2003/arcrole/parent-child" xlink:from="loc_deiLegalEntityAxis" xlink:to="loc_schwartzS000001548Member" xlink:type="arc" />
      <link:loc xlink:type="locator" xlink:href="schwartz-20170428.xsd#schwartz_S000001549Member" xlink:label="loc_schwartzS000001549Member" />
      <link:presentationArc order="30" xlink:arcrole="http://www.xbrl.org/2003/arcrole/parent-child" xlink:from="loc_deiLegalEntityAxis" xlink:to="loc_schwartzS000001549Member" xlink:type="arc" />
      <link:loc xlink:type="locator" xlink:href="schwartz-20170428.xsd#schwartz_S000001550Member" xlink:label="loc_schwartzS000001550Member" />
      <link:presentationArc order="40" xlink:arcrole="http://www.xbrl.org/2003/arcrole/parent-child" xlink:from="loc_deiLegalEntityAxis" xlink:to="loc_schwartzS000001550Member" xlink:type="arc" />
      <link:loc xlink:type="locator" xlink:href="schwartz-20170428.xsd#schwartz_S000001551Member" xlink:label="loc_schwartzS000001551Member" />
      <link:presentationArc order="50" xlink:arcrole="http://www.xbrl.org/2003/arcrole/parent-child" xlink:from="loc_deiLegalEntityAxis" xlink:to="loc_schwartzS000001551Member" xlink:type="arc" />
      <link:loc xlink:type="locator" xlink:href="schwartz-20170428.xsd#schwartz_S000028831Member" xlink:label="loc_schwartzS000028831Member" />
      <link:presentationArc order="60" xlink:arcrole="http://www.xbrl.org/2003/arcrole/parent-child" xlink:from="loc_deiLegalEntityAxis" xlink:to="loc_schwartzS000028831Member" xlink:type="arc" />
      <link:loc xlink:type="locator" xlink:href="schwartz-20170428.xsd#schwartz_S000001552Member" xlink:label="loc_schwartzS000001552Member" />
      <link:presentationArc order="70" xlink:arcrole="http://www.xbrl.org/2003/arcrole/parent-child" xlink:from="loc_deiLegalEntityAxis" xlink:to="loc_schwartzS000001552Member" xlink:type="arc" />
      <link:loc xlink:type="locator" xlink:href="http://xbrl.sec.gov/rr/2012/rr-2012-01-31.xsd#rr_ProspectusShareClassAxis" xlink:label="loc_rrProspectusShareClassAxis" />
      <link:presentationArc xlink:type="arc" xlink:arcrole="http://www.xbrl.org/2003/arcrole/parent-child" xlink:from="loc_rrRiskReturnAbstract" xlink:to="loc_rrProspectusShareClassAxis" order="1300" />
      <link:loc xlink:type="locator" xlink:href="http://xbrl.sec.gov/rr/2012/rr-2012-01-31.xsd#rr_ShareClassDomain" xlink:label="loc_rrShareClassDomain" />
      <link:presentationArc xlink:type="arc" xlink:arcrole="http://www.xbrl.org/2003/arcrole/parent-child" xlink:from="loc_rrProspectusShareClassAxis" xlink:to="loc_rrShareClassDomain" order="10" />
      <link:loc xlink:type="locator" xlink:href="schwartz-20170428.xsd#schwartz_C000004202Member" xlink:label="loc_schwartzC000004202Member" />
      <link:presentationArc order="20" xlink:arcrole="http://www.xbrl.org/2003/arcrole/parent-child" xlink:from="loc_rrProspectusShareClassAxis" xlink:to="loc_schwartzC000004202Member" xlink:type="arc" />
      <link:loc xlink:type="locator" xlink:href="schwartz-20170428.xsd#schwartz_C000004203Member" xlink:label="loc_schwartzC000004203Member" />
      <link:presentationArc order="30" xlink:arcrole="http://www.xbrl.org/2003/arcrole/parent-child" xlink:from="loc_rrProspectusShareClassAxis" xlink:to="loc_schwartzC000004203Member" xlink:type="arc" />
      <link:loc xlink:type="locator" xlink:href="schwartz-20170428.xsd#schwartz_C000004204Member" xlink:label="loc_schwartzC000004204Member" />
      <link:presentationArc order="40" xlink:arcrole="http://www.xbrl.org/2003/arcrole/parent-child" xlink:from="loc_rrProspectusShareClassAxis" xlink:to="loc_schwartzC000004204Member" xlink:type="arc" />
      <link:loc xlink:type="locator" xlink:href="schwartz-20170428.xsd#schwartz_C000004205Member" xlink:label="loc_schwartzC000004205Member" />
      <link:presentationArc order="50" xlink:arcrole="http://www.xbrl.org/2003/arcrole/parent-child" xlink:from="loc_rrProspectusShareClassAxis" xlink:to="loc_schwartzC000004205Member" xlink:type="arc" />
      <link:loc xlink:type="locator" xlink:href="schwartz-20170428.xsd#schwartz_C000088418Member" xlink:label="loc_schwartzC000088418Member" />
      <link:presentationArc order="60" xlink:arcrole="http://www.xbrl.org/2003/arcrole/parent-child" xlink:from="loc_rrProspectusShareClassAxis" xlink:to="loc_schwartzC000088418Member" xlink:type="arc" />
      <link:loc xlink:type="locator" xlink:href="schwartz-20170428.xsd#schwartz_C000004207Member" xlink:label="loc_schwartzC000004207Member" />
      <link:presentationArc order="70" xlink:arcrole="http://www.xbrl.org/2003/arcrole/parent-child" xlink:from="loc_rrProspectusShareClassAxis" xlink:to="loc_schwartzC000004207Member" xlink:type="arc" />
      <link:loc xlink:type="locator" xlink:href="http://xbrl.sec.gov/rr/2012/rr-2012-01-31.xsd#rr_PerformanceMeasureAxis" xlink:label="loc_rrPerformanceMeasureAxis" />
      <link:presentationArc xlink:type="arc" xlink:arcrole="http://www.xbrl.org/2003/arcrole/parent-child" xlink:from="loc_rrRiskReturnAbstract" xlink:to="loc_rrPerformanceMeasureAxis" order="1200" />
      <link:loc xlink:type="locator" xlink:href="http://xbrl.sec.gov/rr/2012/rr-2012-01-31.xsd#rr_PerformanceMeasureDomain" xlink:label="loc_rrPerformanceMeasureDomain" />
      <link:presentationArc xlink:type="arc" xlink:arcrole="http://www.xbrl.org/2003/arcrole/parent-child" xlink:from="loc_rrPerformanceMeasureAxis" xlink:to="loc_rrPerformanceMeasureDomain" order="10" />
      <link:loc xlink:type="locator" xlink:href="http://xbrl.sec.gov/rr/2012/rr-2012-01-31.xsd#rr_AfterTaxesOnDistributionsMember" xlink:label="loc_rrAfterTaxesOnDistributionsMember" />
      <link:presentationArc xlink:type="arc" xlink:arcrole="http://www.xbrl.org/2003/arcrole/parent-child" xlink:from="loc_rrPerformanceMeasureAxis" xlink:to="loc_rrAfterTaxesOnDistributionsMember" order="30" />
      <link:loc xlink:type="locator" xlink:href="http://xbrl.sec.gov/rr/2012/rr-2012-01-31.xsd#rr_AfterTaxesOnDistributionsAndSalesMember" xlink:label="loc_rrAfterTaxesOnDistributionsAndSalesMember" />
      <link:presentationArc xlink:type="arc" xlink:arcrole="http://www.xbrl.org/2003/arcrole/parent-child" xlink:from="loc_rrPerformanceMeasureAxis" xlink:to="loc_rrAfterTaxesOnDistributionsAndSalesMember" order="40" />
      <link:loc xlink:type="locator" xlink:href="schwartz-20170428.xsd#schwartz_Index1Member" xlink:label="loc_schwartzIndex1Member" />
      <link:presentationArc order="50" xlink:arcrole="http://www.xbrl.org/2003/arcrole/parent-child" xlink:from="loc_rrPerformanceMeasureAxis" xlink:to="loc_schwartzIndex1Member" xlink:type="arc" preferredLabel="http://www.xbrl.org/2003/role/verboseLabel" />
      <link:loc xlink:type="locator" xlink:href="schwartz-20170428.xsd#schwartz_Index2Member" xlink:label="loc_schwartzIndex2Member" />
      <link:presentationArc order="60" xlink:arcrole="http://www.xbrl.org/2003/arcrole/parent-child" xlink:from="loc_rrPerformanceMeasureAxis" xlink:to="loc_schwartzIndex2Member" xlink:type="arc" preferredLabel="http://www.xbrl.org/2003/role/verboseLabel" />
      <link:loc xlink:type="locator" xlink:href="schwartz-20170428.xsd#schwartz_Index3Member" xlink:label="loc_schwartzIndex3Member" />
      <link:presentationArc order="70" xlink:arcrole="http://www.xbrl.org/2003/arcrole/parent-child" xlink:from="loc_rrPerformanceMeasureAxis" xlink:to="loc_schwartzIndex3Member" xlink:type="arc" preferredLabel="http://www.xbrl.org/2003/role/verboseLabel" />
      <link:loc xlink:type="locator" xlink:href="schwartz-20170428.xsd#schwartz_Index4Member" xlink:label="loc_schwartzIndex4Member" />
      <link:presentationArc order="80" xlink:arcrole="http://www.xbrl.org/2003/arcrole/parent-child" xlink:from="loc_rrPerformanceMeasureAxis" xlink:to="loc_schwartzIndex4Member" xlink:type="arc" preferredLabel="http://www.xbrl.org/2003/role/verboseLabel" />
      <link:loc xlink:type="locator" xlink:href="schwartz-20170428.xsd#schwartz_Index5Member" xlink:label="loc_schwartzIndex5Member" />
      <link:presentationArc order="90" xlink:arcrole="http://www.xbrl.org/2003/arcrole/parent-child" xlink:from="loc_rrPerformanceMeasureAxis" xlink:to="loc_schwartzIndex5Member" xlink:type="arc" />
      <link:loc xlink:type="locator" xlink:href="schwartz-20170428.xsd#schwartz_Index6Member" xlink:label="loc_schwartzIndex6Member" />
      <link:presentationArc order="100" xlink:arcrole="http://www.xbrl.org/2003/arcrole/parent-child" xlink:from="loc_rrPerformanceMeasureAxis" xlink:to="loc_schwartzIndex6Member" xlink:type="arc" />
      <link:loc xlink:type="locator" xlink:href="schwartz-20170428.xsd#schwartz_Index7Member" xlink:label="loc_schwartzIndex7Member" />
      <link:presentationArc order="110" xlink:arcrole="http://www.xbrl.org/2003/arcrole/parent-child" xlink:from="loc_rrPerformanceMeasureAxis" xlink:to="loc_schwartzIndex7Member" xlink:type="arc" />
    </link:presentationLink>
    <link:presentationLink xlink:type="extended" xlink:role="http://xbrl.sec.gov/rr/role/Series">
      <link:loc xlink:type="locator" xlink:href="http://xbrl.sec.gov/dei/2012/dei-2012-01-31.xsd#dei_LegalEntityAxis" xlink:label="loc_deiLegalEntityAxis" />
      <link:loc xlink:type="locator" xlink:href="schwartz-20170428.xsd#schwartz_S000001548Member" xlink:label="loc_schwartzS000001548Member" />
      <link:presentationArc order="0" xlink:arcrole="http://www.xbrl.org/2003/arcrole/parent-child" xlink:from="loc_deiLegalEntityAxis" xlink:to="loc_schwartzS000001548Member" xlink:type="arc" />
      <link:loc xlink:type="locator" xlink:href="schwartz-20170428.xsd#schwartz_S000001549Member" xlink:label="loc_schwartzS000001549Member" />
      <link:presentationArc order="10" xlink:arcrole="http://www.xbrl.org/2003/arcrole/parent-child" xlink:from="loc_deiLegalEntityAxis" xlink:to="loc_schwartzS000001549Member" xlink:type="arc" />
      <link:loc xlink:type="locator" xlink:href="schwartz-20170428.xsd#schwartz_S000001550Member" xlink:label="loc_schwartzS000001550Member" />
      <link:presentationArc order="20" xlink:arcrole="http://www.xbrl.org/2003/arcrole/parent-child" xlink:from="loc_deiLegalEntityAxis" xlink:to="loc_schwartzS000001550Member" xlink:type="arc" />
      <link:loc xlink:type="locator" xlink:href="schwartz-20170428.xsd#schwartz_S000001551Member" xlink:label="loc_schwartzS000001551Member" />
      <link:presentationArc order="30" xlink:arcrole="http://www.xbrl.org/2003/arcrole/parent-child" xlink:from="loc_deiLegalEntityAxis" xlink:to="loc_schwartzS000001551Member" xlink:type="arc" />
      <link:loc xlink:type="locator" xlink:href="schwartz-20170428.xsd#schwartz_S000028831Member" xlink:label="loc_schwartzS000028831Member" />
      <link:presentationArc order="40" xlink:arcrole="http://www.xbrl.org/2003/arcrole/parent-child" xlink:from="loc_deiLegalEntityAxis" xlink:to="loc_schwartzS000028831Member" xlink:type="arc" />
      <link:loc xlink:type="locator" xlink:href="schwartz-20170428.xsd#schwartz_S000001552Member" xlink:label="loc_schwartzS000001552Member" />
      <link:presentationArc order="50" xlink:arcrole="http://www.xbrl.org/2003/arcrole/parent-child" xlink:from="loc_deiLegalEntityAxis" xlink:to="loc_schwartzS000001552Member" xlink:type="arc" />
    </link:presentationLink>
    <link:presentationLink xlink:type="extended" xlink:role="http://xbrl.sec.gov/rr/role/Class">
      <link:loc xlink:type="locator" xlink:href="http://xbrl.sec.gov/rr/2012/rr-2012-01-31.xsd#rr_ProspectusShareClassAxis" xlink:label="loc_rrProspectusShareClassAxis" />
      <link:loc xlink:type="locator" xlink:href="schwartz-20170428.xsd#schwartz_C000004202Member" xlink:label="loc_schwartzC000004202Member" />
      <link:presentationArc order="500" xlink:arcrole="http://www.xbrl.org/2003/arcrole/parent-child" xlink:from="loc_rrProspectusShareClassAxis" xlink:to="loc_schwartzC000004202Member" xlink:type="arc" />
      <link:loc xlink:type="locator" xlink:href="schwartz-20170428.xsd#schwartz_C000004203Member" xlink:label="loc_schwartzC000004203Member" />
      <link:presentationArc order="510" xlink:arcrole="http://www.xbrl.org/2003/arcrole/parent-child" xlink:from="loc_rrProspectusShareClassAxis" xlink:to="loc_schwartzC000004203Member" xlink:type="arc" />
      <link:loc xlink:type="locator" xlink:href="schwartz-20170428.xsd#schwartz_C000004204Member" xlink:label="loc_schwartzC000004204Member" />
      <link:presentationArc order="520" xlink:arcrole="http://www.xbrl.org/2003/arcrole/parent-child" xlink:from="loc_rrProspectusShareClassAxis" xlink:to="loc_schwartzC000004204Member" xlink:type="arc" />
      <link:loc xlink:type="locator" xlink:href="schwartz-20170428.xsd#schwartz_C000004205Member" xlink:label="loc_schwartzC000004205Member" />
      <link:presentationArc order="530" xlink:arcrole="http://www.xbrl.org/2003/arcrole/parent-child" xlink:from="loc_rrProspectusShareClassAxis" xlink:to="loc_schwartzC000004205Member" xlink:type="arc" />
      <link:loc xlink:type="locator" xlink:href="schwartz-20170428.xsd#schwartz_C000088418Member" xlink:label="loc_schwartzC000088418Member" />
      <link:presentationArc order="540" xlink:arcrole="http://www.xbrl.org/2003/arcrole/parent-child" xlink:from="loc_rrProspectusShareClassAxis" xlink:to="loc_schwartzC000088418Member" xlink:type="arc" />
      <link:loc xlink:type="locator" xlink:href="schwartz-20170428.xsd#schwartz_C000004207Member" xlink:label="loc_schwartzC000004207Member" />
      <link:presentationArc order="550" xlink:arcrole="http://www.xbrl.org/2003/arcrole/parent-child" xlink:from="loc_rrProspectusShareClassAxis" xlink:to="loc_schwartzC000004207Member" xlink:type="arc" />
    </link:presentationLink>
    <link:presentationLink xlink:type="extended" xlink:role="http://xbrl.sec.gov/rr/role/PerformanceMeasure">
      <link:loc xlink:type="locator" xlink:href="http://xbrl.sec.gov/rr/2012/rr-2012-01-31.xsd#rr_PerformanceMeasureAxis" xlink:label="loc_rrPerformanceMeasureAxis" />
      <link:loc xlink:type="locator" xlink:href="schwartz-20170428.xsd#schwartz_Index1Member" xlink:label="loc_schwartzIndex1Member" />
      <link:presentationArc order="1000" xlink:arcrole="http://www.xbrl.org/2003/arcrole/parent-child" xlink:from="loc_rrPerformanceMeasureAxis" xlink:to="loc_schwartzIndex1Member" xlink:type="arc" preferredLabel="http://www.xbrl.org/2003/role/verboseLabel" />
      <link:loc xlink:type="locator" xlink:href="schwartz-20170428.xsd#schwartz_Index2Member" xlink:label="loc_schwartzIndex2Member" />
      <link:presentationArc order="1010" xlink:arcrole="http://www.xbrl.org/2003/arcrole/parent-child" xlink:from="loc_rrPerformanceMeasureAxis" xlink:to="loc_schwartzIndex2Member" xlink:type="arc" preferredLabel="http://www.xbrl.org/2003/role/verboseLabel" />
      <link:loc xlink:type="locator" xlink:href="schwartz-20170428.xsd#schwartz_Index3Member" xlink:label="loc_schwartzIndex3Member" />
      <link:presentationArc order="1020" xlink:arcrole="http://www.xbrl.org/2003/arcrole/parent-child" xlink:from="loc_rrPerformanceMeasureAxis" xlink:to="loc_schwartzIndex3Member" xlink:type="arc" preferredLabel="http://www.xbrl.org/2003/role/verboseLabel" />
      <link:loc xlink:type="locator" xlink:href="schwartz-20170428.xsd#schwartz_Index4Member" xlink:label="loc_schwartzIndex4Member" />
      <link:presentationArc order="1030" xlink:arcrole="http://www.xbrl.org/2003/arcrole/parent-child" xlink:from="loc_rrPerformanceMeasureAxis" xlink:to="loc_schwartzIndex4Member" xlink:type="arc" preferredLabel="http://www.xbrl.org/2003/role/verboseLabel" />
      <link:loc xlink:type="locator" xlink:href="schwartz-20170428.xsd#schwartz_Index5Member" xlink:label="loc_schwartzIndex5Member" />
      <link:presentationArc order="1040" xlink:arcrole="http://www.xbrl.org/2003/arcrole/parent-child" xlink:from="loc_rrPerformanceMeasureAxis" xlink:to="loc_schwartzIndex5Member" xlink:type="arc" />
      <link:loc xlink:type="locator" xlink:href="schwartz-20170428.xsd#schwartz_Index6Member" xlink:label="loc_schwartzIndex6Member" />
      <link:presentationArc order="1050" xlink:arcrole="http://www.xbrl.org/2003/arcrole/parent-child" xlink:from="loc_rrPerformanceMeasureAxis" xlink:to="loc_schwartzIndex6Member" xlink:type="arc" />
      <link:loc xlink:type="locator" xlink:href="schwartz-20170428.xsd#schwartz_Index7Member" xlink:label="loc_schwartzIndex7Member" />
      <link:presentationArc order="1060" xlink:arcrole="http://www.xbrl.org/2003/arcrole/parent-child" xlink:from="loc_rrPerformanceMeasureAxis" xlink:to="loc_schwartzIndex7Member" xlink:type="arc" />
    </link:presentationLink>
</link:linkbase>
