<!-- Created by FilePoint's XBRLinator v.2.4 * www.edgarfilepoint.com * -->
<link:linkbase xmlns:schwartz="http://schwartz/20160501"
xmlns:link="http://www.xbrl.org/2003/linkbase"
xmlns:us-types="http://xbrl.us/us-types/2009-01-31"
xmlns:xbrldt="http://xbrl.org/2005/xbrldt"
xmlns:rr="http://xbrl.sec.gov/rr/2012-01-31"
xmlns:dei="http://xbrl.us/dei/2012-01-31"
xmlns:xbrldi="http://xbrl.org/2006/xbrldi"
xmlns:xsi="http://www.w3.org/2001/XMLSchema-instance"
xmlns:xbrli="http://www.xbrl.org/2003/instance"
xmlns:iso4217="http://www.xbrl.org/2003/iso4217"
xmlns:xlink="http://www.w3.org/1999/xlink"
xsi:schemaLocation="http://www.xbrl.org/2003/linkbase http://www.xbrl.org/2003/xbrl-linkbase-2003-12-31.xsd">
<link:roleRef roleURI="http://xbrl.sec.gov/rr/role/OperatingExpensesData" xlink:type="simple" xlink:href="http://xbrl.sec.gov/rr/2012/rr-2012-01-31.xsd#OperatingExpensesData"/>
<link:calculationLink xlink:type="extended" xlink:role="http://xbrl.sec.gov/rr/role/OperatingExpensesData">
<link:calculationArc order="1.0" weight="1.0" xlink:type="arc" xlink:arcrole="http://www.xbrl.org/2003/arcrole/summation-item" xlink:from="rr_ExpensesOverAssets" xlink:to="schwartz_MaximumManagementFee"/>
<link:loc xlink:type="locator" xlink:href="schwartz-20160501.xsd#schwartz_MaximumManagementFee" xlink:label="schwartz_MaximumManagementFee"/>
<link:calculationArc order="2.0" weight="1.0" xlink:type="arc" xlink:arcrole="http://www.xbrl.org/2003/arcrole/summation-item" xlink:from="rr_ExpensesOverAssets" xlink:to="schwartz_SwapFeesAndExpenses"/>
<link:loc xlink:type="locator" xlink:href="schwartz-20160501.xsd#schwartz_SwapFeesAndExpenses" xlink:label="schwartz_SwapFeesAndExpenses"/>
<link:calculationArc order="3.0" weight="1.0" xlink:type="arc" xlink:arcrole="http://www.xbrl.org/2003/arcrole/summation-item" xlink:from="rr_ExpensesOverAssets" xlink:to="schwartz_DividendAndInterestExpenseShortSales"/>
<link:loc xlink:type="locator" xlink:href="schwartz-20160501.xsd#schwartz_DividendAndInterestExpenseShortSales" xlink:label="schwartz_DividendAndInterestExpenseShortSales"/>
<link:calculationArc order="4.0" weight="1.0" xlink:type="arc" xlink:arcrole="http://www.xbrl.org/2003/arcrole/summation-item" xlink:from="rr_ExpensesOverAssets" xlink:to="schwartz_SubsidiaryExpenses"/>
<link:loc xlink:type="locator" xlink:href="schwartz-20160501.xsd#schwartz_SubsidiaryExpenses" xlink:label="schwartz_SubsidiaryExpenses"/>
<link:calculationArc order="5.0" weight="1.0" xlink:type="arc" xlink:arcrole="http://www.xbrl.org/2003/arcrole/summation-item" xlink:from="rr_ExpensesOverAssets" xlink:to="schwartz_ShareholderServicingFee"/>
<link:loc xlink:type="locator" xlink:href="schwartz-20160501.xsd#schwartz_ShareholderServicingFee" xlink:label="schwartz_ShareholderServicingFee"/>
<link:calculationArc order="6.0" weight="1.0" xlink:type="arc" xlink:arcrole="http://www.xbrl.org/2003/arcrole/summation-item" xlink:from="rr_ExpensesOverAssets" xlink:to="schwartz_DeferredIncomeTaxExpense "/>
<link:loc xlink:type="locator" xlink:href="schwartz-20160501.xsd#schwartz_DeferredIncomeTaxExpense " xlink:label="schwartz_DeferredIncomeTaxExpense "/>
<link:calculationArc order="7.0" weight="1.0" xlink:type="arc" xlink:arcrole="http://www.xbrl.org/2003/arcrole/summation-item" xlink:from="rr_ExpensesOverAssets" xlink:to="schwartz_ExpensesOverAssetsPlusMaxManagementFee"/>
<link:loc xlink:type="locator" xlink:href="schwartz-20160501.xsd#schwartz_ExpensesOverAssetsPlusMaxManagementFee" xlink:label="schwartz_ExpensesOverAssetsPlusMaxManagementFee"/>
<link:calculationArc order="8.0" weight="1.0" xlink:type="arc" xlink:arcrole="http://www.xbrl.org/2003/arcrole/summation-item" xlink:from="rr_ExpensesOverAssets" xlink:to="schwartz_FeeRecoupment"/>
<link:loc xlink:type="locator" xlink:href="schwartz-20160501.xsd#schwartz_FeeRecoupment" xlink:label="schwartz_FeeRecoupment"/>
<link:calculationArc order="9.0" weight="1.0" xlink:type="arc" xlink:arcrole="http://www.xbrl.org/2003/arcrole/summation-item" xlink:from="rr_ExpensesOverAssets" xlink:to="schwartz_NetExpensesOverAssetsPlusMaxManagementFee"/>
<link:loc xlink:type="locator" xlink:href="schwartz-20160501.xsd#schwartz_NetExpensesOverAssetsPlusMaxManagementFee" xlink:label="schwartz_NetExpensesOverAssetsPlusMaxManagementFee"/>
<link:loc xlink:type="locator" xlink:href="http://xbrl.sec.gov/rr/2012/rr-2012-01-31.xsd#rr_ExpensesOverAssets" xlink:label="rr_ExpensesOverAssets"/>
</link:calculationLink>
</link:linkbase>
