<?xml version="1.0" encoding="UTF-8"?>
<!-- Created by FilePoint's XBRLinator v.2.4 * www.edgarfilepoint.com * -->
<link:linkbase xmlns:schwartz="http://schwartz/20160501"
xmlns:link="http://www.xbrl.org/2003/linkbase"
xmlns:us-types="http://xbrl.us/us-types/2009-01-31"
xmlns:xbrldt="http://xbrl.org/2005/xbrldt"
xmlns:rr="http://xbrl.sec.gov/rr/2012-01-31"
xmlns:dei="http://xbrl.sec.gov/dei/2012-01-31"
xmlns:xbrldi="http://xbrl.org/2006/xbrldi"
xmlns:xsi="http://www.w3.org/2001/XMLSchema-instance"
xmlns:xbrli="http://www.xbrl.org/2003/instance"
xmlns:iso4217="http://www.xbrl.org/2003/iso4217"
xmlns:xlink="http://www.w3.org/1999/xlink"
xsi:schemaLocation="http://www.xbrl.org/2003/linkbase http://www.xbrl.org/2003/xbrl-linkbase-2003-12-31.xsd">
<link:roleRef roleURI="http://xbrl.sec.gov/rr/role/Series" xlink:type="simple"
xlink:href="http://xbrl.sec.gov/rr/2012/rr-2012-01-31.xsd#SeriesOnly"/>
<link:roleRef roleURI="http://xbrl.sec.gov/rr/role/Class" xlink:type="simple"
xlink:href="http://xbrl.sec.gov/rr/2012/rr-2012-01-31.xsd#ClassOnly"/>
<link:roleRef roleURI="http://xbrl.sec.gov/rr/role/PerformanceMeasure" xlink:type="simple"
xlink:href="http://xbrl.sec.gov/rr/2012/rr-2012-01-31.xsd#PerformanceMeasureOnly"/>
<link:roleRef roleURI="http://xbrl.sec.gov/rr/role/Prospectus" xlink:type="simple"
xlink:href="http://xbrl.sec.gov/rr/2012/rr-2012-01-31.xsd#ProspectusOnly"/>
<link:roleRef roleURI="http://xbrl.sec.gov/rr/role/ExpenseExample" xlink:type="simple"
xlink:href="http://xbrl.sec.gov/rr/2012/rr-2012-01-31.xsd#ExpenseExample"/>
<link:roleRef roleURI="http://xbrl.sec.gov/rr/role/ExpenseExampleNoRedemption"
xlink:type="simple"
xlink:href="http://xbrl.sec.gov/rr/2012/rr-2012-01-31.xsd#ExpenseExampleNoRedemption"/>
<link:roleRef roleURI="http://xbrl.sec.gov/rr/role/PerformanceTableData" xlink:type="simple"
xlink:href="http://xbrl.sec.gov/rr/2012/rr-2012-01-31.xsd#PerformanceTableData"/>
<link:roleRef roleURI="http://xbrl.sec.gov/rr/role/ShareholderFeesData" xlink:type="simple"
xlink:href="http://xbrl.sec.gov/rr/2012/rr-2012-01-31.xsd#ShareholderFeesData"/>
<link:roleRef roleURI="http://xbrl.sec.gov/rr/role/OperatingExpensesData" xlink:type="simple"
xlink:href="http://xbrl.sec.gov/rr/2012/rr-2012-01-31.xsd#OperatingExpensesData"/>
<link:roleRef roleURI="http://xbrl.sec.gov/rr/role/MarketIndexPerformanceData" xlink:type="simple"
xlink:href="http://xbrl.sec.gov/rr/2012/rr-2012-01-31.xsd#MarketIndexPerformanceData"/>
<link:roleRef roleURI="http://xbrl.sec.gov/rr/role/BarChartData" xlink:type="simple"
xlink:href="http://xbrl.sec.gov/rr/2012/rr-2012-01-31.xsd#BarChartData"/>
<link:roleRef roleURI="http://xbrl.sec.gov/rr/role/RiskReturn" xlink:type="simple"
xlink:href="http://xbrl.sec.gov/rr/2012/rr-2012-01-31.xsd#RiskReturn"/>
<link:roleRef roleURI="http://xbrl.sec.gov/rr/role/RiskReturnDetailData" xlink:type="simple"
xlink:href="http://xbrl.sec.gov/rr/2012/rr-2012-01-31.xsd#RiskReturnDetailData"/>
<link:presentationLink xlink:type="extended" xlink:role="http://xbrl.sec.gov/rr/role/ExpenseExample">
<link:loc xlink:type="locator"
xlink:href="http://xbrl.sec.gov/rr/2012/rr-2012-01-31.xsd#rr_ExpenseExampleAbstract"
xlink:label="ExpenseExampleAbstract"/>
<link:loc xlink:type="locator"
xlink:href="http://xbrl.sec.gov/rr/2012/rr-2012-01-31.xsd#rr_ExpenseExampleYear01"
xlink:label="ExpenseExampleYear01"/>
<link:loc xlink:type="locator"
xlink:href="http://xbrl.sec.gov/rr/2012/rr-2012-01-31.xsd#rr_ExpenseExampleYear03"
xlink:label="ExpenseExampleYear03"/>
<link:loc xlink:type="locator"
xlink:href="http://xbrl.sec.gov/rr/2012/rr-2012-01-31.xsd#rr_ExpenseExampleYear05"
xlink:label="ExpenseExampleYear05"/>
<link:loc xlink:type="locator"
xlink:href="http://xbrl.sec.gov/rr/2012/rr-2012-01-31.xsd#rr_ExpenseExampleYear10"
xlink:label="ExpenseExampleYear10"/>
<link:presentationArc xlink:type="arc" xlink:arcrole="http://www.xbrl.org/2003/arcrole/parent-child"
xlink:from="ExpenseExampleAbstract"
xlink:to="ExpenseExampleYear01"
use="prohibited"
priority="0"
order="2.0"/>
<link:presentationArc xlink:type="arc" xlink:arcrole="http://www.xbrl.org/2003/arcrole/parent-child"
xlink:from="ExpenseExampleAbstract"
xlink:to="ExpenseExampleYear03"
use="prohibited"
priority="0"
order="3.0"/>
<link:presentationArc xlink:type="arc" xlink:arcrole="http://www.xbrl.org/2003/arcrole/parent-child"
xlink:from="ExpenseExampleAbstract"
xlink:to="ExpenseExampleYear05"
use="prohibited"
priority="0"
order="4.0"/>
<link:presentationArc xlink:type="arc" xlink:arcrole="http://www.xbrl.org/2003/arcrole/parent-child"
xlink:from="ExpenseExampleAbstract"
xlink:to="ExpenseExampleYear10"
use="prohibited"
priority="0"
order="5.0"/>
</link:presentationLink>
<link:presentationLink xlink:type="extended" xlink:role="http://xbrl.sec.gov/rr/role/ExpenseExample">
<link:loc xlink:type="locator"
xlink:href="http://xbrl.sec.gov/rr/2012/rr-2012-01-31.xsd#rr_ExpenseExampleAbstract"
xlink:label="ExpenseExampleAbstract"/>
<link:loc xlink:type="locator"
xlink:href="http://xbrl.sec.gov/rr/2012/rr-2012-01-31.xsd#rr_ExpenseExampleYear01"
xlink:label="ExpenseExampleYear01"/>
<link:loc xlink:type="locator"
xlink:href="http://xbrl.sec.gov/rr/2012/rr-2012-01-31.xsd#rr_ExpenseExampleYear03"
xlink:label="ExpenseExampleYear03"/>
<link:loc xlink:type="locator"
xlink:href="http://xbrl.sec.gov/rr/2012/rr-2012-01-31.xsd#rr_ExpenseExampleYear05"
xlink:label="ExpenseExampleYear05"/>
<link:loc xlink:type="locator"
xlink:href="http://xbrl.sec.gov/rr/2012/rr-2012-01-31.xsd#rr_ExpenseExampleYear10"
xlink:label="ExpenseExampleYear10"/>
<link:presentationArc xlink:type="arc" xlink:arcrole="http://www.xbrl.org/2003/arcrole/parent-child"
xlink:from="ExpenseExampleAbstract"
xlink:to="ExpenseExampleYear01"
priority="1"
order="6.0"
preferredLabel="http://www.xbrl.org/2003/role/terseLabel"/>
<link:presentationArc xlink:type="arc" xlink:arcrole="http://www.xbrl.org/2003/arcrole/parent-child"
xlink:from="ExpenseExampleAbstract"
xlink:to="ExpenseExampleYear03"
priority="1"
order="7.0"
preferredLabel="http://www.xbrl.org/2003/role/terseLabel"/>
<link:presentationArc xlink:type="arc" xlink:arcrole="http://www.xbrl.org/2003/arcrole/parent-child"
xlink:from="ExpenseExampleAbstract"
xlink:to="ExpenseExampleYear05"
priority="1"
order="8.0"
preferredLabel="http://www.xbrl.org/2003/role/terseLabel"/>
<link:presentationArc xlink:type="arc" xlink:arcrole="http://www.xbrl.org/2003/arcrole/parent-child"
xlink:from="ExpenseExampleAbstract"
xlink:to="ExpenseExampleYear10"
priority="1"
order="9.0"
preferredLabel="http://www.xbrl.org/2003/role/terseLabel"/>
</link:presentationLink>
<link:presentationLink xlink:type="extended"
xlink:role="http://xbrl.sec.gov/rr/role/ExpenseExampleNoRedemption">
<link:loc xlink:type="locator"
xlink:href="http://xbrl.sec.gov/rr/2012/rr-2012-01-31.xsd#rr_ExpenseExampleNoRedemptionAbstract"
xlink:label="ExpenseExampleNoRedemptionAbstract"/>
<link:loc xlink:type="locator"
xlink:href="http://xbrl.sec.gov/rr/2012/rr-2012-01-31.xsd#rr_ExpenseExampleNoRedemptionYear01"
xlink:label="ExpenseExampleNoRedemptionYear01"/>
<link:loc xlink:type="locator"
xlink:href="http://xbrl.sec.gov/rr/2012/rr-2012-01-31.xsd#rr_ExpenseExampleNoRedemptionYear03"
xlink:label="ExpenseExampleNoRedemptionYear03"/>
<link:loc xlink:type="locator"
xlink:href="http://xbrl.sec.gov/rr/2012/rr-2012-01-31.xsd#rr_ExpenseExampleNoRedemptionYear05"
xlink:label="ExpenseExampleNoRedemptionYear05"/>
<link:loc xlink:type="locator"
xlink:href="http://xbrl.sec.gov/rr/2012/rr-2012-01-31.xsd#rr_ExpenseExampleNoRedemptionYear10"
xlink:label="ExpenseExampleNoRedemptionYear10"/>
<link:presentationArc xlink:type="arc" xlink:arcrole="http://www.xbrl.org/2003/arcrole/parent-child"
xlink:from="ExpenseExampleNoRedemptionAbstract"
xlink:to="ExpenseExampleNoRedemptionYear01"
use="prohibited"
priority="0"
order="2.0"/>
<link:presentationArc xlink:type="arc" xlink:arcrole="http://www.xbrl.org/2003/arcrole/parent-child"
xlink:from="ExpenseExampleNoRedemptionAbstract"
xlink:to="ExpenseExampleNoRedemptionYear03"
use="prohibited"
priority="0"
order="3.0"/>
<link:presentationArc xlink:type="arc" xlink:arcrole="http://www.xbrl.org/2003/arcrole/parent-child"
xlink:from="ExpenseExampleNoRedemptionAbstract"
xlink:to="ExpenseExampleNoRedemptionYear05"
use="prohibited"
priority="0"
order="4.0"/>
<link:presentationArc xlink:type="arc" xlink:arcrole="http://www.xbrl.org/2003/arcrole/parent-child"
xlink:from="ExpenseExampleNoRedemptionAbstract"
xlink:to="ExpenseExampleNoRedemptionYear10"
use="prohibited"
priority="0"
order="5.0"/>
</link:presentationLink>
<link:presentationLink xlink:type="extended"
xlink:role="http://xbrl.sec.gov/rr/role/ExpenseExampleNoRedemption">
<link:loc xlink:type="locator"
xlink:href="http://xbrl.sec.gov/rr/2012/rr-2012-01-31.xsd#rr_ExpenseExampleNoRedemptionAbstract"
xlink:label="ExpenseExampleNoRedemptionAbstract"/>
<link:loc xlink:type="locator"
xlink:href="http://xbrl.sec.gov/rr/2012/rr-2012-01-31.xsd#rr_ExpenseExampleNoRedemptionYear01"
xlink:label="ExpenseExampleNoRedemptionYear01"/>
<link:loc xlink:type="locator"
xlink:href="http://xbrl.sec.gov/rr/2012/rr-2012-01-31.xsd#rr_ExpenseExampleNoRedemptionYear03"
xlink:label="ExpenseExampleNoRedemptionYear03"/>
<link:loc xlink:type="locator"
xlink:href="http://xbrl.sec.gov/rr/2012/rr-2012-01-31.xsd#rr_ExpenseExampleNoRedemptionYear05"
xlink:label="ExpenseExampleNoRedemptionYear05"/>
<link:loc xlink:type="locator"
xlink:href="http://xbrl.sec.gov/rr/2012/rr-2012-01-31.xsd#rr_ExpenseExampleNoRedemptionYear10"
xlink:label="ExpenseExampleNoRedemptionYear10"/>
<link:presentationArc xlink:type="arc" xlink:arcrole="http://www.xbrl.org/2003/arcrole/parent-child"
xlink:from="ExpenseExampleNoRedemptionAbstract"
xlink:to="ExpenseExampleNoRedemptionYear01"
priority="1"
order="6.0"
preferredLabel="http://www.xbrl.org/2003/role/terseLabel"/>
<link:presentationArc xlink:type="arc" xlink:arcrole="http://www.xbrl.org/2003/arcrole/parent-child"
xlink:from="ExpenseExampleNoRedemptionAbstract"
xlink:to="ExpenseExampleNoRedemptionYear03"
priority="1"
order="7.0"
preferredLabel="http://www.xbrl.org/2003/role/terseLabel"/>
<link:presentationArc xlink:type="arc" xlink:arcrole="http://www.xbrl.org/2003/arcrole/parent-child"
xlink:from="ExpenseExampleNoRedemptionAbstract"
xlink:to="ExpenseExampleNoRedemptionYear05"
priority="1"
order="8.0"
preferredLabel="http://www.xbrl.org/2003/role/terseLabel"/>
<link:presentationArc xlink:type="arc" xlink:arcrole="http://www.xbrl.org/2003/arcrole/parent-child"
xlink:from="ExpenseExampleNoRedemptionAbstract"
xlink:to="ExpenseExampleNoRedemptionYear10"
priority="1"
order="9.0"
preferredLabel="http://www.xbrl.org/2003/role/terseLabel"/>
</link:presentationLink>
<link:presentationLink xlink:type="extended" xlink:role="http://xbrl.sec.gov/rr/role/Series">
<link:loc xlink:type="locator"
xlink:href="http://xbrl.sec.gov/dei/2012/dei-2012-01-31.xsd#dei_LegalEntityAxis"
xlink:label="LegalEntityAxis"/>
<link:loc xlink:type="locator" xlink:href="schwartz-20160501.xsd#schwartz_S000001548Member"
xlink:label="S000001548Member"/>
<link:loc xlink:type="locator" xlink:href="schwartz-20160501.xsd#schwartz_S000001549Member"
xlink:label="S000001549Member"/>
<link:loc xlink:type="locator" xlink:href="schwartz-20160501.xsd#schwartz_S000001550Member"
xlink:label="S000001550Member"/>
<link:loc xlink:type="locator" xlink:href="schwartz-20160501.xsd#schwartz_S000001551Member"
xlink:label="S000001551Member"/>
<link:loc xlink:type="locator" xlink:href="schwartz-20160501.xsd#schwartz_S000028831Member"
xlink:label="S000028831Member"/>
<link:loc xlink:type="locator" xlink:href="schwartz-20160501.xsd#schwartz_S000001552Member"
xlink:label="S000001552Member"/>
<link:presentationArc xlink:type="arc" xlink:arcrole="http://www.xbrl.org/2003/arcrole/parent-child"
xlink:from="LegalEntityAxis"
xlink:to="S000001548Member"
order="40.1" preferredLabel="http://www.xbrl.org/2003/role/verboseLabel"/>
<link:presentationArc xlink:type="arc" xlink:arcrole="http://www.xbrl.org/2003/arcrole/parent-child"
xlink:from="LegalEntityAxis"
xlink:to="S000001549Member"
order="41.1" preferredLabel="http://www.xbrl.org/2003/role/verboseLabel"/>
<link:presentationArc xlink:type="arc" xlink:arcrole="http://www.xbrl.org/2003/arcrole/parent-child"
xlink:from="LegalEntityAxis"
xlink:to="S000001550Member"
order="42.1" preferredLabel="http://www.xbrl.org/2003/role/verboseLabel"/>
<link:presentationArc xlink:type="arc" xlink:arcrole="http://www.xbrl.org/2003/arcrole/parent-child"
xlink:from="LegalEntityAxis"
xlink:to="S000001551Member"
order="43.1" preferredLabel="http://www.xbrl.org/2003/role/verboseLabel"/>
<link:presentationArc xlink:type="arc" xlink:arcrole="http://www.xbrl.org/2003/arcrole/parent-child"
xlink:from="LegalEntityAxis"
xlink:to="S000028831Member"
order="44.1" preferredLabel="http://www.xbrl.org/2003/role/verboseLabel"/>
<link:presentationArc xlink:type="arc" xlink:arcrole="http://www.xbrl.org/2003/arcrole/parent-child"
xlink:from="LegalEntityAxis"
xlink:to="S000001552Member"
order="45.1" preferredLabel="http://www.xbrl.org/2003/role/verboseLabel"/>
</link:presentationLink>
<link:presentationLink xlink:type="extended" xlink:role="http://xbrl.sec.gov/rr/role/Class">
<link:loc xlink:type="locator"
xlink:href="http://xbrl.sec.gov/rr/2012/rr-2012-01-31.xsd#rr_ProspectusShareClassAxis"
xlink:label="ProspectusShareClassAxis"/>
<link:loc xlink:type="locator" xlink:href="schwartz-20160501.xsd#schwartz_C000004202Member"
xlink:label="C000004202Member"/>
<link:loc xlink:type="locator" xlink:href="schwartz-20160501.xsd#schwartz_C000004203Member"
xlink:label="C000004203Member"/>
<link:loc xlink:type="locator" xlink:href="schwartz-20160501.xsd#schwartz_C000004204Member"
xlink:label="C000004204Member"/>
<link:loc xlink:type="locator" xlink:href="schwartz-20160501.xsd#schwartz_C000004205Member"
xlink:label="C000004205Member"/>
<link:loc xlink:type="locator" xlink:href="schwartz-20160501.xsd#schwartz_C000088418Member"
xlink:label="C000088418Member"/>
<link:loc xlink:type="locator" xlink:href="schwartz-20160501.xsd#schwartz_C000004207Member"
xlink:label="C000004207Member"/>
<link:presentationArc xlink:type="arc" xlink:arcrole="http://www.xbrl.org/2003/arcrole/parent-child"
xlink:from="ProspectusShareClassAxis"
xlink:to="C000004202Member"
order="60.1" preferredLabel="http://www.xbrl.org/2003/role/verboseLabel"/>
<link:presentationArc xlink:type="arc" xlink:arcrole="http://www.xbrl.org/2003/arcrole/parent-child"
xlink:from="ProspectusShareClassAxis"
xlink:to="C000004203Member"
order="61.1" preferredLabel="http://www.xbrl.org/2003/role/verboseLabel"/>
<link:presentationArc xlink:type="arc" xlink:arcrole="http://www.xbrl.org/2003/arcrole/parent-child"
xlink:from="ProspectusShareClassAxis"
xlink:to="C000004204Member"
order="62.1" preferredLabel="http://www.xbrl.org/2003/role/verboseLabel"/>
<link:presentationArc xlink:type="arc" xlink:arcrole="http://www.xbrl.org/2003/arcrole/parent-child"
xlink:from="ProspectusShareClassAxis"
xlink:to="C000004205Member"
order="63.1" preferredLabel="http://www.xbrl.org/2003/role/verboseLabel"/>
<link:presentationArc xlink:type="arc" xlink:arcrole="http://www.xbrl.org/2003/arcrole/parent-child"
xlink:from="ProspectusShareClassAxis"
xlink:to="C000088418Member"
order="64.1" preferredLabel="http://www.xbrl.org/2003/role/verboseLabel"/>
<link:presentationArc xlink:type="arc" xlink:arcrole="http://www.xbrl.org/2003/arcrole/parent-child"
xlink:from="ProspectusShareClassAxis"
xlink:to="C000004207Member"
order="65.1" preferredLabel="http://www.xbrl.org/2003/role/verboseLabel"/>
</link:presentationLink>
<link:presentationLink xlink:type="extended"
xlink:role="http://xbrl.sec.gov/rr/role/PerformanceMeasure">
<link:loc xlink:type="locator"
xlink:href="http://xbrl.sec.gov/rr/2012/rr-2012-01-31.xsd#rr_PerformanceMeasureAxis"
xlink:label="PerformanceMeasureAxis"/>
<link:loc xlink:type="locator" xlink:href="schwartz-20160501.xsd#schwartz_index1Member"
xlink:label="index1Member"/>
<link:loc xlink:type="locator" xlink:href="schwartz-20160501.xsd#schwartz_index2Member"
xlink:label="index2Member"/>
<link:loc xlink:type="locator" xlink:href="schwartz-20160501.xsd#schwartz_index3Member"
xlink:label="index3Member"/>
<link:loc xlink:type="locator" xlink:href="schwartz-20160501.xsd#schwartz_index4Member"
xlink:label="index4Member"/>
<link:loc xlink:type="locator" xlink:href="schwartz-20160501.xsd#schwartz_index5Member"
xlink:label="index5Member"/>
<link:loc xlink:type="locator" xlink:href="schwartz-20160501.xsd#schwartz_index6Member"
xlink:label="index6Member"/>
<link:loc xlink:type="locator" xlink:href="schwartz-20160501.xsd#schwartz_index7Member"
xlink:label="index7Member"/>
<link:presentationArc xlink:type="arc" xlink:arcrole="http://www.xbrl.org/2003/arcrole/parent-child"
xlink:from="PerformanceMeasureAxis"
xlink:to="index1Member"
order="86.1" preferredLabel="http://www.xbrl.org/2003/role/verboseLabel"/>
<link:presentationArc xlink:type="arc" xlink:arcrole="http://www.xbrl.org/2003/arcrole/parent-child"
xlink:from="PerformanceMeasureAxis"
xlink:to="index2Member"
order="87.1" preferredLabel="http://www.xbrl.org/2003/role/verboseLabel"/>
<link:presentationArc xlink:type="arc" xlink:arcrole="http://www.xbrl.org/2003/arcrole/parent-child"
xlink:from="PerformanceMeasureAxis"
xlink:to="index3Member"
order="88.1" preferredLabel="http://www.xbrl.org/2003/role/verboseLabel"/>
<link:presentationArc xlink:type="arc" xlink:arcrole="http://www.xbrl.org/2003/arcrole/parent-child"
xlink:from="PerformanceMeasureAxis"
xlink:to="index4Member"
order="89.1" preferredLabel="http://www.xbrl.org/2003/role/verboseLabel"/>
<link:presentationArc xlink:type="arc" xlink:arcrole="http://www.xbrl.org/2003/arcrole/parent-child"
xlink:from="PerformanceMeasureAxis"
xlink:to="index5Member"
order="90.1" preferredLabel="http://www.xbrl.org/2003/role/verboseLabel"/>
<link:presentationArc xlink:type="arc" xlink:arcrole="http://www.xbrl.org/2003/arcrole/parent-child"
xlink:from="PerformanceMeasureAxis"
xlink:to="index6Member"
order="91.1" preferredLabel="http://www.xbrl.org/2003/role/verboseLabel"/>
<link:presentationArc xlink:type="arc" xlink:arcrole="http://www.xbrl.org/2003/arcrole/parent-child"
xlink:from="PerformanceMeasureAxis"
xlink:to="index7Member"
order="92.1" preferredLabel="http://www.xbrl.org/2003/role/verboseLabel"/>
</link:presentationLink>
<link:presentationLink xlink:type="extended" xlink:role="http://xbrl.sec.gov/rr/role/RiskReturn" xlink:title="00000003 - Document - Risk/Return Summary">
<link:loc xlink:type="locator" xlink:href="http://xbrl.sec.gov/rr/2012/rr-2012-01-31.xsd#rr_RiskReturnAbstract" xlink:label="loc_rrRiskReturnAbstract" />
<link:loc xlink:type="locator" xlink:href="http://xbrl.sec.gov/dei/2012/dei-2012-01-31.xsd#dei_LegalEntityAxis" xlink:label="loc_deiLegalEntityAxis" />
<link:presentationArc xlink:type="arc" xlink:arcrole="http://www.xbrl.org/2003/arcrole/parent-child" xlink:from="loc_rrRiskReturnAbstract" xlink:to="loc_deiLegalEntityAxis" order="1100" />
<link:loc xlink:type="locator" xlink:href="http://xbrl.sec.gov/dei/2012/dei-2012-01-31.xsd#dei_EntityDomain" xlink:label="loc_deiEntityDomain" />
<link:presentationArc xlink:type="arc" xlink:arcrole="http://www.xbrl.org/2003/arcrole/parent-child" xlink:from="loc_deiLegalEntityAxis" xlink:to="loc_deiEntityDomain" order="10" />
<link:loc xlink:type="locator" xlink:href="schwartz-20160501.xsd#schwartz_S000001548Member" xlink:label="loc_S000001548Member"/>
<link:presentationArc order="11" xlink:type="arc" xlink:arcrole="http://www.xbrl.org/2003/arcrole/parent-child" xlink:from="loc_deiLegalEntityAxis" xlink:to="loc_S000001548Member" preferredLabel="http://www.xbrl.org/2003/role/verboseLabel"/>
<link:loc xlink:type="locator" xlink:href="schwartz-20160501.xsd#schwartz_S000001549Member" xlink:label="loc_S000001549Member"/>
<link:presentationArc order="21" xlink:type="arc" xlink:arcrole="http://www.xbrl.org/2003/arcrole/parent-child" xlink:from="loc_deiLegalEntityAxis" xlink:to="loc_S000001549Member" preferredLabel="http://www.xbrl.org/2003/role/verboseLabel"/>
<link:loc xlink:type="locator" xlink:href="schwartz-20160501.xsd#schwartz_S000001550Member" xlink:label="loc_S000001550Member"/>
<link:presentationArc order="31" xlink:type="arc" xlink:arcrole="http://www.xbrl.org/2003/arcrole/parent-child" xlink:from="loc_deiLegalEntityAxis" xlink:to="loc_S000001550Member" preferredLabel="http://www.xbrl.org/2003/role/verboseLabel"/>
<link:loc xlink:type="locator" xlink:href="schwartz-20160501.xsd#schwartz_S000001551Member" xlink:label="loc_S000001551Member"/>
<link:presentationArc order="41" xlink:type="arc" xlink:arcrole="http://www.xbrl.org/2003/arcrole/parent-child" xlink:from="loc_deiLegalEntityAxis" xlink:to="loc_S000001551Member" preferredLabel="http://www.xbrl.org/2003/role/verboseLabel"/>
<link:loc xlink:type="locator" xlink:href="schwartz-20160501.xsd#schwartz_S000028831Member" xlink:label="loc_S000028831Member"/>
<link:presentationArc order="51" xlink:type="arc" xlink:arcrole="http://www.xbrl.org/2003/arcrole/parent-child" xlink:from="loc_deiLegalEntityAxis" xlink:to="loc_S000028831Member" preferredLabel="http://www.xbrl.org/2003/role/verboseLabel"/>
<link:loc xlink:type="locator" xlink:href="schwartz-20160501.xsd#schwartz_S000001552Member" xlink:label="loc_S000001552Member"/>
<link:presentationArc order="61" xlink:type="arc" xlink:arcrole="http://www.xbrl.org/2003/arcrole/parent-child" xlink:from="loc_deiLegalEntityAxis" xlink:to="loc_S000001552Member" preferredLabel="http://www.xbrl.org/2003/role/verboseLabel"/>
</link:presentationLink>
<link:presentationLink xlink:type="extended" xlink:role="http://xbrl.sec.gov/rr/role/PerformanceTableData">
<link:loc xlink:type="locator" xlink:href="schwartz-20160501.xsd#schwartz_AverageAnnualReturnYear03" xlink:label="schwartz_AverageAnnualReturnYear03"/>
<link:loc xlink:type="locator" xlink:href="http://xbrl.sec.gov/dei/2012/dei-2012-01-31.xsd#dei_LegalEntityAxis" xlink:label="LegalEntityAxis"/>
<link:loc xlink:type="locator" xlink:href="http://xbrl.sec.gov/rr/2012/rr-2012-01-31.xsd#rr_ProspectusShareClassAxis" xlink:label="ProspectusShareClassAxis"/>
<link:loc xlink:type="locator" xlink:href="http://xbrl.sec.gov/rr/2012/rr-2012-01-31.xsd#rr_PerformanceMeasureAxis" xlink:label="PerformanceMeasureAxis"/>
<link:loc xlink:type="locator" xlink:href="http://xbrl.sec.gov/rr/2012/rr-2012-01-31.xsd#rr_AverageAnnualReturnAbstract" xlink:label="AverageAnnualReturnAbstract"/>
<link:loc xlink:type="locator" xlink:href="http://xbrl.sec.gov/dei/2012/dei-2012-01-31.xsd#dei_EntityDomain" xlink:label="EntityDomain"/>
<link:loc xlink:type="locator" xlink:href="schwartz-20160501.xsd#schwartz_S000001548Member" xlink:label="S000001548Member"/>
<link:loc xlink:type="locator" xlink:href="schwartz-20160501.xsd#schwartz_S000001549Member" xlink:label="S000001549Member"/>
<link:loc xlink:type="locator" xlink:href="schwartz-20160501.xsd#schwartz_S000001550Member" xlink:label="S000001550Member"/>
<link:loc xlink:type="locator" xlink:href="schwartz-20160501.xsd#schwartz_S000001551Member" xlink:label="S000001551Member"/>
<link:loc xlink:type="locator" xlink:href="schwartz-20160501.xsd#schwartz_S000028831Member" xlink:label="S000028831Member"/>
<link:loc xlink:type="locator" xlink:href="schwartz-20160501.xsd#schwartz_S000001552Member" xlink:label="S000001552Member"/>
<link:loc xlink:type="locator" xlink:href="http://xbrl.sec.gov/rr/2012/rr-2012-01-31.xsd#rr_ShareClassDomain" xlink:label="ShareClassDomain"/>
<link:loc xlink:type="locator" xlink:href="schwartz-20160501.xsd#schwartz_C000004202Member" xlink:label="C000004202Member"/>
<link:loc xlink:type="locator" xlink:href="schwartz-20160501.xsd#schwartz_C000004203Member" xlink:label="C000004203Member"/>
<link:loc xlink:type="locator" xlink:href="schwartz-20160501.xsd#schwartz_C000004204Member" xlink:label="C000004204Member"/>
<link:loc xlink:type="locator" xlink:href="schwartz-20160501.xsd#schwartz_C000004205Member" xlink:label="C000004205Member"/>
<link:loc xlink:type="locator" xlink:href="schwartz-20160501.xsd#schwartz_C000088418Member" xlink:label="C000088418Member"/>
<link:loc xlink:type="locator" xlink:href="schwartz-20160501.xsd#schwartz_C000004207Member" xlink:label="C000004207Member"/>
<link:loc xlink:type="locator" xlink:href="http://xbrl.sec.gov/rr/2012/rr-2012-01-31.xsd#rr_PerformanceMeasureDomain" xlink:label="PerformanceMeasureDomain"/>
<link:loc xlink:type="locator" xlink:href="http://xbrl.sec.gov/rr/2012/rr-2012-01-31.xsd#rr_AfterTaxesOnDistributionsMember" xlink:label="AfterTaxesOnDistributionsMember"/>
<link:loc xlink:type="locator" xlink:href="http://xbrl.sec.gov/rr/2012/rr-2012-01-31.xsd#rr_AfterTaxesOnDistributionsAndSalesMember" xlink:label="AfterTaxesOnDistributionsAndSalesMember"/>
<link:loc xlink:type="locator" xlink:href="schwartz-20160501.xsd#schwartz_index1Member" xlink:label="index1Member"/>
<link:loc xlink:type="locator" xlink:href="schwartz-20160501.xsd#schwartz_index2Member" xlink:label="index2Member"/>
<link:loc xlink:type="locator" xlink:href="schwartz-20160501.xsd#schwartz_index3Member" xlink:label="index3Member"/>
<link:loc xlink:type="locator" xlink:href="schwartz-20160501.xsd#schwartz_index4Member" xlink:label="index4Member"/>
<link:loc xlink:type="locator" xlink:href="schwartz-20160501.xsd#schwartz_index5Member" xlink:label="index5Member"/>
<link:loc xlink:type="locator" xlink:href="schwartz-20160501.xsd#schwartz_index6Member" xlink:label="index6Member"/>
<link:loc xlink:type="locator" xlink:href="schwartz-20160501.xsd#schwartz_index7Member" xlink:label="index7Member"/>
<link:presentationArc xlink:type="arc" xlink:arcrole="http://www.xbrl.org/2003/arcrole/parent-child" xlink:from="LegalEntityAxis" xlink:to="EntityDomain" order="1.1"/>
<link:presentationArc order="2.5" xlink:type="arc" xlink:arcrole="http://www.xbrl.org/2003/arcrole/parent-child" xlink:from="AverageAnnualReturnAbstract" xlink:to="schwartz_AverageAnnualReturnYear03"/>
<link:presentationArc xlink:type="arc" xlink:arcrole="http://www.xbrl.org/2003/arcrole/parent-child" xlink:from="LegalEntityAxis" xlink:to="S000001548Member" use="optional" order="1.2" preferredLabel="http://www.xbrl.org/2003/role/verboseLabel"/>
<link:presentationArc xlink:type="arc" xlink:arcrole="http://www.xbrl.org/2003/arcrole/parent-child" xlink:from="LegalEntityAxis" xlink:to="S000001549Member" use="optional" order="2.2" preferredLabel="http://www.xbrl.org/2003/role/verboseLabel"/>
<link:presentationArc xlink:type="arc" xlink:arcrole="http://www.xbrl.org/2003/arcrole/parent-child" xlink:from="LegalEntityAxis" xlink:to="S000001550Member" use="optional" order="3.2" preferredLabel="http://www.xbrl.org/2003/role/verboseLabel"/>
<link:presentationArc xlink:type="arc" xlink:arcrole="http://www.xbrl.org/2003/arcrole/parent-child" xlink:from="LegalEntityAxis" xlink:to="S000001551Member" use="optional" order="4.2" preferredLabel="http://www.xbrl.org/2003/role/verboseLabel"/>
<link:presentationArc xlink:type="arc" xlink:arcrole="http://www.xbrl.org/2003/arcrole/parent-child" xlink:from="LegalEntityAxis" xlink:to="S000028831Member" use="optional" order="5.2" preferredLabel="http://www.xbrl.org/2003/role/verboseLabel"/>
<link:presentationArc xlink:type="arc" xlink:arcrole="http://www.xbrl.org/2003/arcrole/parent-child" xlink:from="LegalEntityAxis" xlink:to="S000001552Member" use="optional" order="6.2" preferredLabel="http://www.xbrl.org/2003/role/verboseLabel"/>
<link:presentationArc xlink:type="arc" xlink:arcrole="http://www.xbrl.org/2003/arcrole/parent-child" xlink:from="ProspectusShareClassAxis" xlink:to="ShareClassDomain" use="optional" order="100.0"/>
<link:presentationArc order="1310.0" xlink:type="arc" xlink:arcrole="http://www.xbrl.org/2003/arcrole/parent-child" xlink:from="AverageAnnualReturnAbstract" xlink:to="ProspectusShareClassAxis"/>
<link:presentationArc xlink:type="arc" xlink:arcrole="http://www.xbrl.org/2003/arcrole/parent-child" xlink:from="ProspectusShareClassAxis" xlink:to="C000004202Member" use="optional" order="7.2" preferredLabel="http://www.xbrl.org/2003/role/verboseLabel"/>
<link:presentationArc xlink:type="arc" xlink:arcrole="http://www.xbrl.org/2003/arcrole/parent-child" xlink:from="ProspectusShareClassAxis" xlink:to="C000004203Member" use="optional" order="8.2" preferredLabel="http://www.xbrl.org/2003/role/verboseLabel"/>
<link:presentationArc xlink:type="arc" xlink:arcrole="http://www.xbrl.org/2003/arcrole/parent-child" xlink:from="ProspectusShareClassAxis" xlink:to="C000004204Member" use="optional" order="9.2" preferredLabel="http://www.xbrl.org/2003/role/verboseLabel"/>
<link:presentationArc xlink:type="arc" xlink:arcrole="http://www.xbrl.org/2003/arcrole/parent-child" xlink:from="ProspectusShareClassAxis" xlink:to="C000004205Member" use="optional" order="10.2" preferredLabel="http://www.xbrl.org/2003/role/verboseLabel"/>
<link:presentationArc xlink:type="arc" xlink:arcrole="http://www.xbrl.org/2003/arcrole/parent-child" xlink:from="ProspectusShareClassAxis" xlink:to="C000088418Member" use="optional" order="11.2" preferredLabel="http://www.xbrl.org/2003/role/verboseLabel"/>
<link:presentationArc xlink:type="arc" xlink:arcrole="http://www.xbrl.org/2003/arcrole/parent-child" xlink:from="ProspectusShareClassAxis" xlink:to="C000004207Member" use="optional" order="12.2" preferredLabel="http://www.xbrl.org/2003/role/verboseLabel"/>
<link:presentationArc xlink:type="arc" xlink:arcrole="http://www.xbrl.org/2003/arcrole/parent-child" xlink:from="PerformanceMeasureAxis" xlink:to="PerformanceMeasureDomain" use="optional" order="1.2"/>
<link:presentationArc xlink:type="arc" xlink:arcrole="http://www.xbrl.org/2003/arcrole/parent-child" xlink:from="PerformanceMeasureAxis" xlink:to="AfterTaxesOnDistributionsMember" use="optional" order="2.2"/>
<link:presentationArc xlink:type="arc" xlink:arcrole="http://www.xbrl.org/2003/arcrole/parent-child" xlink:from="PerformanceMeasureAxis" xlink:to="AfterTaxesOnDistributionsAndSalesMember" use="optional" order="3.2"/>
<link:presentationArc xlink:type="arc" xlink:arcrole="http://www.xbrl.org/2003/arcrole/parent-child" xlink:from="PerformanceMeasureAxis" xlink:to="index1Member" order="13.3" preferredLabel="http://www.xbrl.org/2003/role/verboseLabel"/>
<link:presentationArc xlink:type="arc" xlink:arcrole="http://www.xbrl.org/2003/arcrole/parent-child" xlink:from="PerformanceMeasureAxis" xlink:to="index2Member" order="14.3" preferredLabel="http://www.xbrl.org/2003/role/verboseLabel"/>
<link:presentationArc xlink:type="arc" xlink:arcrole="http://www.xbrl.org/2003/arcrole/parent-child" xlink:from="PerformanceMeasureAxis" xlink:to="index3Member" order="15.3" preferredLabel="http://www.xbrl.org/2003/role/verboseLabel"/>
<link:presentationArc xlink:type="arc" xlink:arcrole="http://www.xbrl.org/2003/arcrole/parent-child" xlink:from="PerformanceMeasureAxis" xlink:to="index4Member" order="16.3" preferredLabel="http://www.xbrl.org/2003/role/verboseLabel"/>
<link:presentationArc xlink:type="arc" xlink:arcrole="http://www.xbrl.org/2003/arcrole/parent-child" xlink:from="PerformanceMeasureAxis" xlink:to="index5Member" order="17.3" preferredLabel="http://www.xbrl.org/2003/role/verboseLabel"/>
<link:presentationArc xlink:type="arc" xlink:arcrole="http://www.xbrl.org/2003/arcrole/parent-child" xlink:from="PerformanceMeasureAxis" xlink:to="index6Member" order="18.3" preferredLabel="http://www.xbrl.org/2003/role/verboseLabel"/>
<link:presentationArc xlink:type="arc" xlink:arcrole="http://www.xbrl.org/2003/arcrole/parent-child" xlink:from="PerformanceMeasureAxis" xlink:to="index7Member" order="19.3" preferredLabel="http://www.xbrl.org/2003/role/verboseLabel"/>
<link:presentationArc xlink:type="arc" xlink:arcrole="http://www.xbrl.org/2003/arcrole/parent-child" xlink:from="AverageAnnualReturnAbstract" xlink:to="PerformanceMeasureAxis" order="9.0"/>
<link:presentationArc xlink:type="arc" xlink:arcrole="http://www.xbrl.org/2003/arcrole/parent-child" xlink:from="AverageAnnualReturnAbstract" xlink:to="LegalEntityAxis" order="7.5"/>
</link:presentationLink>
<link:presentationLink xlink:type="extended" xlink:role="http://xbrl.sec.gov/rr/role/ShareholderFeesData">
<link:loc xlink:type='locator' xlink:href='http://xbrl.sec.gov/rr/2012/rr-2012-01-31.xsd#rr_ShareholderFeesAbstract' xlink:label='rr_ShareholderFeesAbstract'/>
<link:loc xlink:type='locator' xlink:href='http://xbrl.sec.gov/rr/2012/rr-2012-01-31.xsd#rr_RedemptionFeeOverRedemption' xlink:label='rr_RedemptionFeeOverRedemption'/>
<link:loc xlink:type='locator' xlink:href='http://xbrl.sec.gov/rr/2012/rr-2012-01-31.xsd#rr_RedemptionFeeOverRedemption' xlink:label='rr_RedemptionFeeOverRedemption_neg'/>
<link:loc xlink:type='locator' xlink:href='schwartz-20160501.xsd#schwartz_WireFee' xlink:label='schwartz_WireFee'/>
<link:loc xlink:type='locator' xlink:href='schwartz-20160501.xsd#schwartz_CheckFee' xlink:label='schwartz_CheckFee'/>
<link:presentationArc xlink:type='arc' xlink:arcrole='http://www.xbrl.org/2003/arcrole/parent-child' xlink:from='rr_ShareholderFeesAbstract' xlink:to='rr_RedemptionFeeOverRedemption_neg' use='prohibited' priority='1' order='8.0'/>
<link:presentationArc xlink:type='arc' xlink:arcrole='http://www.xbrl.org/2003/arcrole/parent-child' xlink:from='rr_ShareholderFeesAbstract' xlink:to='rr_RedemptionFeeOverRedemption' use='optional' priority='9' order='8.0' preferredLabel='http://www.xbrl.org/2009/role/negatedLabel'/>
<link:presentationArc xlink:type='arc' xlink:arcrole='http://www.xbrl.org/2003/arcrole/parent-child' xlink:from='rr_ShareholderFeesAbstract' xlink:to='schwartz_WireFee' order='9.6'/>
<link:presentationArc xlink:type='arc' xlink:arcrole='http://www.xbrl.org/2003/arcrole/parent-child' xlink:from='rr_ShareholderFeesAbstract' xlink:to='schwartz_CheckFee' order='10.6'/>
<link:loc xlink:type="locator" xlink:href="http://xbrl.sec.gov/dei/2012/dei-2012-01-31.xsd#dei_LegalEntityAxis" xlink:label="loc_deiLegalEntityAxis" />
<link:presentationArc xlink:type="arc" xlink:arcrole="http://www.xbrl.org/2003/arcrole/parent-child" xlink:from="rr_ShareholderFeesAbstract" xlink:to="loc_deiLegalEntityAxis" order="1100" />
<link:loc xlink:type="locator" xlink:href="http://xbrl.sec.gov/dei/2012/dei-2012-01-31.xsd#dei_EntityDomain" xlink:label="loc_deiEntityDomain" />
<link:presentationArc xlink:type="arc" xlink:arcrole="http://www.xbrl.org/2003/arcrole/parent-child" xlink:from="loc_deiLegalEntityAxis" xlink:to="loc_deiEntityDomain" order="10" />
<link:loc xlink:type="locator" xlink:href="schwartz-20160501.xsd#schwartz_S000001548Member" xlink:label="loc_S000001548Member"/>
<link:presentationArc order="11" xlink:type="arc" xlink:arcrole="http://www.xbrl.org/2003/arcrole/parent-child" xlink:from="loc_deiLegalEntityAxis" xlink:to="loc_S000001548Member" preferredLabel="http://www.xbrl.org/2003/role/verboseLabel"/>
<link:loc xlink:type="locator" xlink:href="schwartz-20160501.xsd#schwartz_S000001549Member" xlink:label="loc_S000001549Member"/>
<link:presentationArc order="21" xlink:type="arc" xlink:arcrole="http://www.xbrl.org/2003/arcrole/parent-child" xlink:from="loc_deiLegalEntityAxis" xlink:to="loc_S000001549Member" preferredLabel="http://www.xbrl.org/2003/role/verboseLabel"/>
<link:loc xlink:type="locator" xlink:href="schwartz-20160501.xsd#schwartz_S000001550Member" xlink:label="loc_S000001550Member"/>
<link:presentationArc order="31" xlink:type="arc" xlink:arcrole="http://www.xbrl.org/2003/arcrole/parent-child" xlink:from="loc_deiLegalEntityAxis" xlink:to="loc_S000001550Member" preferredLabel="http://www.xbrl.org/2003/role/verboseLabel"/>
<link:loc xlink:type="locator" xlink:href="schwartz-20160501.xsd#schwartz_S000001551Member" xlink:label="loc_S000001551Member"/>
<link:presentationArc order="41" xlink:type="arc" xlink:arcrole="http://www.xbrl.org/2003/arcrole/parent-child" xlink:from="loc_deiLegalEntityAxis" xlink:to="loc_S000001551Member" preferredLabel="http://www.xbrl.org/2003/role/verboseLabel"/>
<link:loc xlink:type="locator" xlink:href="schwartz-20160501.xsd#schwartz_S000028831Member" xlink:label="loc_S000028831Member"/>
<link:presentationArc order="51" xlink:type="arc" xlink:arcrole="http://www.xbrl.org/2003/arcrole/parent-child" xlink:from="loc_deiLegalEntityAxis" xlink:to="loc_S000028831Member" preferredLabel="http://www.xbrl.org/2003/role/verboseLabel"/>
<link:loc xlink:type="locator" xlink:href="schwartz-20160501.xsd#schwartz_S000001552Member" xlink:label="loc_S000001552Member"/>
<link:presentationArc order="61" xlink:type="arc" xlink:arcrole="http://www.xbrl.org/2003/arcrole/parent-child" xlink:from="loc_deiLegalEntityAxis" xlink:to="loc_S000001552Member" preferredLabel="http://www.xbrl.org/2003/role/verboseLabel"/>
<link:loc xlink:type="locator" xlink:href="http://xbrl.sec.gov/rr/2012/rr-2012-01-31.xsd#rr_ProspectusShareClassAxis" xlink:label="loc_rrProspectusShareClassAxis" />
<link:presentationArc xlink:type="arc" xlink:arcrole="http://www.xbrl.org/2003/arcrole/parent-child" xlink:from="rr_ShareholderFeesAbstract" xlink:to="loc_rrProspectusShareClassAxis" order="1300" />
<link:loc xlink:type="locator" xlink:href="http://xbrl.sec.gov/rr/2012/rr-2012-01-31.xsd#rr_ShareClassDomain" xlink:label="loc_rrShareClassDomain" />
<link:presentationArc xlink:type="arc" xlink:arcrole="http://www.xbrl.org/2003/arcrole/parent-child" xlink:from="loc_rrProspectusShareClassAxis" xlink:to="loc_rrShareClassDomain" order="10.1" />
<link:loc xlink:type="locator" xlink:href="schwartz-20160501.xsd#schwartz_C000004202Member" xlink:label="loc_C000004202Member"/>
<link:presentationArc order="12" xlink:type="arc" xlink:arcrole="http://www.xbrl.org/2003/arcrole/parent-child" xlink:from="loc_rrProspectusShareClassAxis" xlink:to="loc_C000004202Member" preferredLabel="http://www.xbrl.org/2003/role/verboseLabel"/>
<link:loc xlink:type="locator" xlink:href="schwartz-20160501.xsd#schwartz_C000004203Member" xlink:label="loc_C000004203Member"/>
<link:presentationArc order="22" xlink:type="arc" xlink:arcrole="http://www.xbrl.org/2003/arcrole/parent-child" xlink:from="loc_rrProspectusShareClassAxis" xlink:to="loc_C000004203Member" preferredLabel="http://www.xbrl.org/2003/role/verboseLabel"/>
<link:loc xlink:type="locator" xlink:href="schwartz-20160501.xsd#schwartz_C000004204Member" xlink:label="loc_C000004204Member"/>
<link:presentationArc order="32" xlink:type="arc" xlink:arcrole="http://www.xbrl.org/2003/arcrole/parent-child" xlink:from="loc_rrProspectusShareClassAxis" xlink:to="loc_C000004204Member" preferredLabel="http://www.xbrl.org/2003/role/verboseLabel"/>
<link:loc xlink:type="locator" xlink:href="schwartz-20160501.xsd#schwartz_C000004205Member" xlink:label="loc_C000004205Member"/>
<link:presentationArc order="42" xlink:type="arc" xlink:arcrole="http://www.xbrl.org/2003/arcrole/parent-child" xlink:from="loc_rrProspectusShareClassAxis" xlink:to="loc_C000004205Member" preferredLabel="http://www.xbrl.org/2003/role/verboseLabel"/>
<link:loc xlink:type="locator" xlink:href="schwartz-20160501.xsd#schwartz_C000088418Member" xlink:label="loc_C000088418Member"/>
<link:presentationArc order="52" xlink:type="arc" xlink:arcrole="http://www.xbrl.org/2003/arcrole/parent-child" xlink:from="loc_rrProspectusShareClassAxis" xlink:to="loc_C000088418Member" preferredLabel="http://www.xbrl.org/2003/role/verboseLabel"/>
<link:loc xlink:type="locator" xlink:href="schwartz-20160501.xsd#schwartz_C000004207Member" xlink:label="loc_C000004207Member"/>
<link:presentationArc order="62" xlink:type="arc" xlink:arcrole="http://www.xbrl.org/2003/arcrole/parent-child" xlink:from="loc_rrProspectusShareClassAxis" xlink:to="loc_C000004207Member" preferredLabel="http://www.xbrl.org/2003/role/verboseLabel"/>
</link:presentationLink>
<link:presentationLink xlink:type="extended" xlink:role="http://xbrl.sec.gov/rr/role/OperatingExpensesData">
<link:loc xlink:type='locator' xlink:href='http://xbrl.sec.gov/rr/2012/rr-2012-01-31.xsd#rr_OperatingExpensesAbstract' xlink:label='rr_OperatingExpensesAbstract'/>
<link:loc xlink:type="locator" xlink:href="http://xbrl.sec.gov/dei/2012/dei-2012-01-31.xsd#dei_LegalEntityAxis" xlink:label="loc_deiLegalEntityAxis" />
<link:presentationArc xlink:type="arc" xlink:arcrole="http://www.xbrl.org/2003/arcrole/parent-child" xlink:from="rr_OperatingExpensesAbstract" xlink:to="loc_deiLegalEntityAxis" order="1100" />
<link:loc xlink:type="locator" xlink:href="http://xbrl.sec.gov/dei/2012/dei-2012-01-31.xsd#dei_EntityDomain" xlink:label="loc_deiEntityDomain" />
<link:presentationArc xlink:type="arc" xlink:arcrole="http://www.xbrl.org/2003/arcrole/parent-child" xlink:from="loc_deiLegalEntityAxis" xlink:to="loc_deiEntityDomain" order="10" />
<link:loc xlink:type="locator" xlink:href="schwartz-20160501.xsd#schwartz_S000001548Member" xlink:label="loc_S000001548Member"/>
<link:presentationArc order="11" xlink:type="arc" xlink:arcrole="http://www.xbrl.org/2003/arcrole/parent-child" xlink:from="loc_deiLegalEntityAxis" xlink:to="loc_S000001548Member" preferredLabel="http://www.xbrl.org/2003/role/verboseLabel"/>
<link:loc xlink:type="locator" xlink:href="schwartz-20160501.xsd#schwartz_S000001549Member" xlink:label="loc_S000001549Member"/>
<link:presentationArc order="21" xlink:type="arc" xlink:arcrole="http://www.xbrl.org/2003/arcrole/parent-child" xlink:from="loc_deiLegalEntityAxis" xlink:to="loc_S000001549Member" preferredLabel="http://www.xbrl.org/2003/role/verboseLabel"/>
<link:loc xlink:type="locator" xlink:href="schwartz-20160501.xsd#schwartz_S000001550Member" xlink:label="loc_S000001550Member"/>
<link:presentationArc order="31" xlink:type="arc" xlink:arcrole="http://www.xbrl.org/2003/arcrole/parent-child" xlink:from="loc_deiLegalEntityAxis" xlink:to="loc_S000001550Member" preferredLabel="http://www.xbrl.org/2003/role/verboseLabel"/>
<link:loc xlink:type="locator" xlink:href="schwartz-20160501.xsd#schwartz_S000001551Member" xlink:label="loc_S000001551Member"/>
<link:presentationArc order="41" xlink:type="arc" xlink:arcrole="http://www.xbrl.org/2003/arcrole/parent-child" xlink:from="loc_deiLegalEntityAxis" xlink:to="loc_S000001551Member" preferredLabel="http://www.xbrl.org/2003/role/verboseLabel"/>
<link:loc xlink:type="locator" xlink:href="schwartz-20160501.xsd#schwartz_S000028831Member" xlink:label="loc_S000028831Member"/>
<link:presentationArc order="51" xlink:type="arc" xlink:arcrole="http://www.xbrl.org/2003/arcrole/parent-child" xlink:from="loc_deiLegalEntityAxis" xlink:to="loc_S000028831Member" preferredLabel="http://www.xbrl.org/2003/role/verboseLabel"/>
<link:loc xlink:type="locator" xlink:href="schwartz-20160501.xsd#schwartz_S000001552Member" xlink:label="loc_S000001552Member"/>
<link:presentationArc order="61" xlink:type="arc" xlink:arcrole="http://www.xbrl.org/2003/arcrole/parent-child" xlink:from="loc_deiLegalEntityAxis" xlink:to="loc_S000001552Member" preferredLabel="http://www.xbrl.org/2003/role/verboseLabel"/>
<link:loc xlink:type="locator" xlink:href="http://xbrl.sec.gov/rr/2012/rr-2012-01-31.xsd#rr_ProspectusShareClassAxis" xlink:label="loc_rrProspectusShareClassAxis" />
<link:presentationArc xlink:type="arc" xlink:arcrole="http://www.xbrl.org/2003/arcrole/parent-child" xlink:from="rr_OperatingExpensesAbstract" xlink:to="loc_rrProspectusShareClassAxis" order="1300" />
<link:loc xlink:type="locator" xlink:href="http://xbrl.sec.gov/rr/2012/rr-2012-01-31.xsd#rr_ShareClassDomain" xlink:label="loc_rrShareClassDomain" />
<link:presentationArc xlink:type="arc" xlink:arcrole="http://www.xbrl.org/2003/arcrole/parent-child" xlink:from="loc_rrProspectusShareClassAxis" xlink:to="loc_rrShareClassDomain" order="10.1" />
<link:loc xlink:type="locator" xlink:href="schwartz-20160501.xsd#schwartz_C000004202Member" xlink:label="loc_C000004202Member"/>
<link:presentationArc order="12" xlink:type="arc" xlink:arcrole="http://www.xbrl.org/2003/arcrole/parent-child" xlink:from="loc_rrProspectusShareClassAxis" xlink:to="loc_C000004202Member" preferredLabel="http://www.xbrl.org/2003/role/verboseLabel"/>
<link:loc xlink:type="locator" xlink:href="schwartz-20160501.xsd#schwartz_C000004203Member" xlink:label="loc_C000004203Member"/>
<link:presentationArc order="22" xlink:type="arc" xlink:arcrole="http://www.xbrl.org/2003/arcrole/parent-child" xlink:from="loc_rrProspectusShareClassAxis" xlink:to="loc_C000004203Member" preferredLabel="http://www.xbrl.org/2003/role/verboseLabel"/>
<link:loc xlink:type="locator" xlink:href="schwartz-20160501.xsd#schwartz_C000004204Member" xlink:label="loc_C000004204Member"/>
<link:presentationArc order="32" xlink:type="arc" xlink:arcrole="http://www.xbrl.org/2003/arcrole/parent-child" xlink:from="loc_rrProspectusShareClassAxis" xlink:to="loc_C000004204Member" preferredLabel="http://www.xbrl.org/2003/role/verboseLabel"/>
<link:loc xlink:type="locator" xlink:href="schwartz-20160501.xsd#schwartz_C000004205Member" xlink:label="loc_C000004205Member"/>
<link:presentationArc order="42" xlink:type="arc" xlink:arcrole="http://www.xbrl.org/2003/arcrole/parent-child" xlink:from="loc_rrProspectusShareClassAxis" xlink:to="loc_C000004205Member" preferredLabel="http://www.xbrl.org/2003/role/verboseLabel"/>
<link:loc xlink:type="locator" xlink:href="schwartz-20160501.xsd#schwartz_C000088418Member" xlink:label="loc_C000088418Member"/>
<link:presentationArc order="52" xlink:type="arc" xlink:arcrole="http://www.xbrl.org/2003/arcrole/parent-child" xlink:from="loc_rrProspectusShareClassAxis" xlink:to="loc_C000088418Member" preferredLabel="http://www.xbrl.org/2003/role/verboseLabel"/>
<link:loc xlink:type="locator" xlink:href="schwartz-20160501.xsd#schwartz_C000004207Member" xlink:label="loc_C000004207Member"/>
<link:presentationArc order="62" xlink:type="arc" xlink:arcrole="http://www.xbrl.org/2003/arcrole/parent-child" xlink:from="loc_rrProspectusShareClassAxis" xlink:to="loc_C000004207Member" preferredLabel="http://www.xbrl.org/2003/role/verboseLabel"/>
<link:loc xlink:type='locator' xlink:href='schwartz-20160501.xsd#schwartz_MaximumManagementFee' xlink:label='schwartz_MaximumManagementFee'/>
<link:loc xlink:type='locator' xlink:href='schwartz-20160501.xsd#schwartz_SwapFeesAndExpenses' xlink:label='schwartz_SwapFeesAndExpenses'/>
<link:loc xlink:type='locator' xlink:href='schwartz-20160501.xsd#schwartz_DividendAndInterestExpenseShortSales' xlink:label='schwartz_DividendAndInterestExpenseShortSales'/>
<link:loc xlink:type='locator' xlink:href='schwartz-20160501.xsd#schwartz_SubsidiaryExpenses' xlink:label='schwartz_SubsidiaryExpenses'/>
<link:loc xlink:type='locator' xlink:href='schwartz-20160501.xsd#schwartz_ShareholderServicingFee' xlink:label='schwartz_ShareholderServicingFee'/>
<link:loc xlink:type='locator' xlink:href='schwartz-20160501.xsd#schwartz_DeferredIncomeTaxExpense ' xlink:label='schwartz_DeferredIncomeTaxExpense '/>
<link:loc xlink:type='locator' xlink:href='schwartz-20160501.xsd#schwartz_ExpensesOverAssetsPlusMaxManagementFee' xlink:label='schwartz_ExpensesOverAssetsPlusMaxManagementFee'/>
<link:loc xlink:type='locator' xlink:href='schwartz-20160501.xsd#schwartz_FeeRecoupment' xlink:label='schwartz_FeeRecoupment'/>
<link:loc xlink:type='locator' xlink:href='schwartz-20160501.xsd#schwartz_NetExpensesOverAssetsPlusMaxManagementFee' xlink:label='schwartz_NetExpensesOverAssetsPlusMaxManagementFee'/>
<link:presentationArc xlink:type='arc' xlink:arcrole='http://www.xbrl.org/2003/arcrole/parent-child' xlink:from='rr_OperatingExpensesAbstract' xlink:to='schwartz_MaximumManagementFee' order='2.6'/>
<link:presentationArc xlink:type='arc' xlink:arcrole='http://www.xbrl.org/2003/arcrole/parent-child' xlink:from='rr_OperatingExpensesAbstract' xlink:to='schwartz_SwapFeesAndExpenses' order='6.3'/>
<link:presentationArc xlink:type='arc' xlink:arcrole='http://www.xbrl.org/2003/arcrole/parent-child' xlink:from='rr_OperatingExpensesAbstract' xlink:to='schwartz_DividendAndInterestExpenseShortSales' order='6.6'/>
<link:presentationArc xlink:type='arc' xlink:arcrole='http://www.xbrl.org/2003/arcrole/parent-child' xlink:from='rr_OperatingExpensesAbstract' xlink:to='schwartz_SubsidiaryExpenses' order='7.6'/>
<link:presentationArc xlink:type='arc' xlink:arcrole='http://www.xbrl.org/2003/arcrole/parent-child' xlink:from='rr_OperatingExpensesAbstract' xlink:to='schwartz_ShareholderServicingFee' order='8.6'/>
<link:presentationArc xlink:type='arc' xlink:arcrole='http://www.xbrl.org/2003/arcrole/parent-child' xlink:from='rr_OperatingExpensesAbstract' xlink:to='schwartz_DeferredIncomeTaxExpense ' order='9.6'/>
<link:presentationArc xlink:type='arc' xlink:arcrole='http://www.xbrl.org/2003/arcrole/parent-child' xlink:from='rr_OperatingExpensesAbstract' xlink:to='schwartz_ExpensesOverAssetsPlusMaxManagementFee' order='10.6'/>
<link:presentationArc xlink:type='arc' xlink:arcrole='http://www.xbrl.org/2003/arcrole/parent-child' xlink:from='rr_OperatingExpensesAbstract' xlink:to='schwartz_FeeRecoupment' order='11.6'/>
<link:presentationArc xlink:type='arc' xlink:arcrole='http://www.xbrl.org/2003/arcrole/parent-child' xlink:from='rr_OperatingExpensesAbstract' xlink:to='schwartz_NetExpensesOverAssetsPlusMaxManagementFee' order='12.6'/>
</link:presentationLink>
<link:presentationLink xlink:type="extended" xlink:role="http://xbrl.sec.gov/rr/role/ExpenseExample">
<link:loc xlink:type='locator' xlink:href='http://xbrl.sec.gov/rr/2012/rr-2012-01-31.xsd#rr_ExpenseExampleAbstract' xlink:label='rr_ExpenseExampleAbstract'/>
<link:loc xlink:type="locator" xlink:href="http://xbrl.sec.gov/dei/2012/dei-2012-01-31.xsd#dei_LegalEntityAxis" xlink:label="loc_deiLegalEntityAxis" />
<link:presentationArc xlink:type="arc" xlink:arcrole="http://www.xbrl.org/2003/arcrole/parent-child" xlink:from="rr_ExpenseExampleAbstract" xlink:to="loc_deiLegalEntityAxis" order="1100" />
<link:loc xlink:type="locator" xlink:href="http://xbrl.sec.gov/dei/2012/dei-2012-01-31.xsd#dei_EntityDomain" xlink:label="loc_deiEntityDomain" />
<link:presentationArc xlink:type="arc" xlink:arcrole="http://www.xbrl.org/2003/arcrole/parent-child" xlink:from="loc_deiLegalEntityAxis" xlink:to="loc_deiEntityDomain" order="10" />
<link:loc xlink:type="locator" xlink:href="schwartz-20160501.xsd#schwartz_S000001548Member" xlink:label="loc_S000001548Member"/>
<link:presentationArc order="11" xlink:type="arc" xlink:arcrole="http://www.xbrl.org/2003/arcrole/parent-child" xlink:from="loc_deiLegalEntityAxis" xlink:to="loc_S000001548Member" preferredLabel="http://www.xbrl.org/2003/role/verboseLabel"/>
<link:loc xlink:type="locator" xlink:href="schwartz-20160501.xsd#schwartz_S000001549Member" xlink:label="loc_S000001549Member"/>
<link:presentationArc order="21" xlink:type="arc" xlink:arcrole="http://www.xbrl.org/2003/arcrole/parent-child" xlink:from="loc_deiLegalEntityAxis" xlink:to="loc_S000001549Member" preferredLabel="http://www.xbrl.org/2003/role/verboseLabel"/>
<link:loc xlink:type="locator" xlink:href="schwartz-20160501.xsd#schwartz_S000001550Member" xlink:label="loc_S000001550Member"/>
<link:presentationArc order="31" xlink:type="arc" xlink:arcrole="http://www.xbrl.org/2003/arcrole/parent-child" xlink:from="loc_deiLegalEntityAxis" xlink:to="loc_S000001550Member" preferredLabel="http://www.xbrl.org/2003/role/verboseLabel"/>
<link:loc xlink:type="locator" xlink:href="schwartz-20160501.xsd#schwartz_S000001551Member" xlink:label="loc_S000001551Member"/>
<link:presentationArc order="41" xlink:type="arc" xlink:arcrole="http://www.xbrl.org/2003/arcrole/parent-child" xlink:from="loc_deiLegalEntityAxis" xlink:to="loc_S000001551Member" preferredLabel="http://www.xbrl.org/2003/role/verboseLabel"/>
<link:loc xlink:type="locator" xlink:href="schwartz-20160501.xsd#schwartz_S000028831Member" xlink:label="loc_S000028831Member"/>
<link:presentationArc order="51" xlink:type="arc" xlink:arcrole="http://www.xbrl.org/2003/arcrole/parent-child" xlink:from="loc_deiLegalEntityAxis" xlink:to="loc_S000028831Member" preferredLabel="http://www.xbrl.org/2003/role/verboseLabel"/>
<link:loc xlink:type="locator" xlink:href="schwartz-20160501.xsd#schwartz_S000001552Member" xlink:label="loc_S000001552Member"/>
<link:presentationArc order="61" xlink:type="arc" xlink:arcrole="http://www.xbrl.org/2003/arcrole/parent-child" xlink:from="loc_deiLegalEntityAxis" xlink:to="loc_S000001552Member" preferredLabel="http://www.xbrl.org/2003/role/verboseLabel"/>
<link:loc xlink:type="locator" xlink:href="http://xbrl.sec.gov/rr/2012/rr-2012-01-31.xsd#rr_ProspectusShareClassAxis" xlink:label="loc_rrProspectusShareClassAxis" />
<link:presentationArc xlink:type="arc" xlink:arcrole="http://www.xbrl.org/2003/arcrole/parent-child" xlink:from="rr_ExpenseExampleAbstract" xlink:to="loc_rrProspectusShareClassAxis" order="1300" />
<link:loc xlink:type="locator" xlink:href="http://xbrl.sec.gov/rr/2012/rr-2012-01-31.xsd#rr_ShareClassDomain" xlink:label="loc_rrShareClassDomain" />
<link:presentationArc xlink:type="arc" xlink:arcrole="http://www.xbrl.org/2003/arcrole/parent-child" xlink:from="loc_rrProspectusShareClassAxis" xlink:to="loc_rrShareClassDomain" order="10.1" />
<link:loc xlink:type="locator" xlink:href="schwartz-20160501.xsd#schwartz_C000004202Member" xlink:label="loc_C000004202Member"/>
<link:presentationArc order="12" xlink:type="arc" xlink:arcrole="http://www.xbrl.org/2003/arcrole/parent-child" xlink:from="loc_rrProspectusShareClassAxis" xlink:to="loc_C000004202Member" preferredLabel="http://www.xbrl.org/2003/role/verboseLabel"/>
<link:loc xlink:type="locator" xlink:href="schwartz-20160501.xsd#schwartz_C000004203Member" xlink:label="loc_C000004203Member"/>
<link:presentationArc order="22" xlink:type="arc" xlink:arcrole="http://www.xbrl.org/2003/arcrole/parent-child" xlink:from="loc_rrProspectusShareClassAxis" xlink:to="loc_C000004203Member" preferredLabel="http://www.xbrl.org/2003/role/verboseLabel"/>
<link:loc xlink:type="locator" xlink:href="schwartz-20160501.xsd#schwartz_C000004204Member" xlink:label="loc_C000004204Member"/>
<link:presentationArc order="32" xlink:type="arc" xlink:arcrole="http://www.xbrl.org/2003/arcrole/parent-child" xlink:from="loc_rrProspectusShareClassAxis" xlink:to="loc_C000004204Member" preferredLabel="http://www.xbrl.org/2003/role/verboseLabel"/>
<link:loc xlink:type="locator" xlink:href="schwartz-20160501.xsd#schwartz_C000004205Member" xlink:label="loc_C000004205Member"/>
<link:presentationArc order="42" xlink:type="arc" xlink:arcrole="http://www.xbrl.org/2003/arcrole/parent-child" xlink:from="loc_rrProspectusShareClassAxis" xlink:to="loc_C000004205Member" preferredLabel="http://www.xbrl.org/2003/role/verboseLabel"/>
<link:loc xlink:type="locator" xlink:href="schwartz-20160501.xsd#schwartz_C000088418Member" xlink:label="loc_C000088418Member"/>
<link:presentationArc order="52" xlink:type="arc" xlink:arcrole="http://www.xbrl.org/2003/arcrole/parent-child" xlink:from="loc_rrProspectusShareClassAxis" xlink:to="loc_C000088418Member" preferredLabel="http://www.xbrl.org/2003/role/verboseLabel"/>
<link:loc xlink:type="locator" xlink:href="schwartz-20160501.xsd#schwartz_C000004207Member" xlink:label="loc_C000004207Member"/>
<link:presentationArc order="62" xlink:type="arc" xlink:arcrole="http://www.xbrl.org/2003/arcrole/parent-child" xlink:from="loc_rrProspectusShareClassAxis" xlink:to="loc_C000004207Member" preferredLabel="http://www.xbrl.org/2003/role/verboseLabel"/>
</link:presentationLink>
<link:presentationLink xlink:type="extended" xlink:role="http://xbrl.sec.gov/rr/role/ExpenseExampleNoRedemption">
<link:loc xlink:type='locator' xlink:href='http://xbrl.sec.gov/rr/2012/rr-2012-01-31.xsd#rr_ExpenseExampleNoRedemptionAbstract' xlink:label='rr_ExpenseExampleNoRedemptionAbstract'/>
<link:loc xlink:type="locator" xlink:href="http://xbrl.sec.gov/dei/2012/dei-2012-01-31.xsd#dei_LegalEntityAxis" xlink:label="loc_deiLegalEntityAxis" />
<link:presentationArc xlink:type="arc" xlink:arcrole="http://www.xbrl.org/2003/arcrole/parent-child" xlink:from="rr_ExpenseExampleNoRedemptionAbstract" xlink:to="loc_deiLegalEntityAxis" order="1100" />
<link:loc xlink:type="locator" xlink:href="http://xbrl.sec.gov/dei/2012/dei-2012-01-31.xsd#dei_EntityDomain" xlink:label="loc_deiEntityDomain" />
<link:presentationArc xlink:type="arc" xlink:arcrole="http://www.xbrl.org/2003/arcrole/parent-child" xlink:from="loc_deiLegalEntityAxis" xlink:to="loc_deiEntityDomain" order="10" />
<link:loc xlink:type="locator" xlink:href="schwartz-20160501.xsd#schwartz_S000001548Member" xlink:label="loc_S000001548Member"/>
<link:presentationArc order="11" xlink:type="arc" xlink:arcrole="http://www.xbrl.org/2003/arcrole/parent-child" xlink:from="loc_deiLegalEntityAxis" xlink:to="loc_S000001548Member" preferredLabel="http://www.xbrl.org/2003/role/verboseLabel"/>
<link:loc xlink:type="locator" xlink:href="schwartz-20160501.xsd#schwartz_S000001549Member" xlink:label="loc_S000001549Member"/>
<link:presentationArc order="21" xlink:type="arc" xlink:arcrole="http://www.xbrl.org/2003/arcrole/parent-child" xlink:from="loc_deiLegalEntityAxis" xlink:to="loc_S000001549Member" preferredLabel="http://www.xbrl.org/2003/role/verboseLabel"/>
<link:loc xlink:type="locator" xlink:href="schwartz-20160501.xsd#schwartz_S000001550Member" xlink:label="loc_S000001550Member"/>
<link:presentationArc order="31" xlink:type="arc" xlink:arcrole="http://www.xbrl.org/2003/arcrole/parent-child" xlink:from="loc_deiLegalEntityAxis" xlink:to="loc_S000001550Member" preferredLabel="http://www.xbrl.org/2003/role/verboseLabel"/>
<link:loc xlink:type="locator" xlink:href="schwartz-20160501.xsd#schwartz_S000001551Member" xlink:label="loc_S000001551Member"/>
<link:presentationArc order="41" xlink:type="arc" xlink:arcrole="http://www.xbrl.org/2003/arcrole/parent-child" xlink:from="loc_deiLegalEntityAxis" xlink:to="loc_S000001551Member" preferredLabel="http://www.xbrl.org/2003/role/verboseLabel"/>
<link:loc xlink:type="locator" xlink:href="schwartz-20160501.xsd#schwartz_S000028831Member" xlink:label="loc_S000028831Member"/>
<link:presentationArc order="51" xlink:type="arc" xlink:arcrole="http://www.xbrl.org/2003/arcrole/parent-child" xlink:from="loc_deiLegalEntityAxis" xlink:to="loc_S000028831Member" preferredLabel="http://www.xbrl.org/2003/role/verboseLabel"/>
<link:loc xlink:type="locator" xlink:href="schwartz-20160501.xsd#schwartz_S000001552Member" xlink:label="loc_S000001552Member"/>
<link:presentationArc order="61" xlink:type="arc" xlink:arcrole="http://www.xbrl.org/2003/arcrole/parent-child" xlink:from="loc_deiLegalEntityAxis" xlink:to="loc_S000001552Member" preferredLabel="http://www.xbrl.org/2003/role/verboseLabel"/>
<link:loc xlink:type="locator" xlink:href="http://xbrl.sec.gov/rr/2012/rr-2012-01-31.xsd#rr_ProspectusShareClassAxis" xlink:label="loc_rrProspectusShareClassAxis" />
<link:presentationArc xlink:type="arc" xlink:arcrole="http://www.xbrl.org/2003/arcrole/parent-child" xlink:from="rr_ExpenseExampleNoRedemptionAbstract" xlink:to="loc_rrProspectusShareClassAxis" order="1300" />
<link:loc xlink:type="locator" xlink:href="http://xbrl.sec.gov/rr/2012/rr-2012-01-31.xsd#rr_ShareClassDomain" xlink:label="loc_rrShareClassDomain" />
<link:presentationArc xlink:type="arc" xlink:arcrole="http://www.xbrl.org/2003/arcrole/parent-child" xlink:from="loc_rrProspectusShareClassAxis" xlink:to="loc_rrShareClassDomain" order="10.1" />
<link:loc xlink:type="locator" xlink:href="schwartz-20160501.xsd#schwartz_C000004202Member" xlink:label="loc_C000004202Member"/>
<link:presentationArc order="12" xlink:type="arc" xlink:arcrole="http://www.xbrl.org/2003/arcrole/parent-child" xlink:from="loc_rrProspectusShareClassAxis" xlink:to="loc_C000004202Member" preferredLabel="http://www.xbrl.org/2003/role/verboseLabel"/>
<link:loc xlink:type="locator" xlink:href="schwartz-20160501.xsd#schwartz_C000004203Member" xlink:label="loc_C000004203Member"/>
<link:presentationArc order="22" xlink:type="arc" xlink:arcrole="http://www.xbrl.org/2003/arcrole/parent-child" xlink:from="loc_rrProspectusShareClassAxis" xlink:to="loc_C000004203Member" preferredLabel="http://www.xbrl.org/2003/role/verboseLabel"/>
<link:loc xlink:type="locator" xlink:href="schwartz-20160501.xsd#schwartz_C000004204Member" xlink:label="loc_C000004204Member"/>
<link:presentationArc order="32" xlink:type="arc" xlink:arcrole="http://www.xbrl.org/2003/arcrole/parent-child" xlink:from="loc_rrProspectusShareClassAxis" xlink:to="loc_C000004204Member" preferredLabel="http://www.xbrl.org/2003/role/verboseLabel"/>
<link:loc xlink:type="locator" xlink:href="schwartz-20160501.xsd#schwartz_C000004205Member" xlink:label="loc_C000004205Member"/>
<link:presentationArc order="42" xlink:type="arc" xlink:arcrole="http://www.xbrl.org/2003/arcrole/parent-child" xlink:from="loc_rrProspectusShareClassAxis" xlink:to="loc_C000004205Member" preferredLabel="http://www.xbrl.org/2003/role/verboseLabel"/>
<link:loc xlink:type="locator" xlink:href="schwartz-20160501.xsd#schwartz_C000088418Member" xlink:label="loc_C000088418Member"/>
<link:presentationArc order="52" xlink:type="arc" xlink:arcrole="http://www.xbrl.org/2003/arcrole/parent-child" xlink:from="loc_rrProspectusShareClassAxis" xlink:to="loc_C000088418Member" preferredLabel="http://www.xbrl.org/2003/role/verboseLabel"/>
<link:loc xlink:type="locator" xlink:href="schwartz-20160501.xsd#schwartz_C000004207Member" xlink:label="loc_C000004207Member"/>
<link:presentationArc order="62" xlink:type="arc" xlink:arcrole="http://www.xbrl.org/2003/arcrole/parent-child" xlink:from="loc_rrProspectusShareClassAxis" xlink:to="loc_C000004207Member" preferredLabel="http://www.xbrl.org/2003/role/verboseLabel"/>
</link:presentationLink>
<link:presentationLink xlink:type="extended" xlink:role="http://xbrl.sec.gov/rr/role/BarChartData">
<link:loc xlink:type='locator' xlink:href='http://xbrl.sec.gov/rr/2012/rr-2012-01-31.xsd#rr_BarChartTableAbstract' xlink:label='rr_BarChartTableAbstract'/>
<link:loc xlink:type="locator" xlink:href="http://xbrl.sec.gov/dei/2012/dei-2012-01-31.xsd#dei_LegalEntityAxis" xlink:label="loc_deiLegalEntityAxis" />
<link:presentationArc xlink:type="arc" xlink:arcrole="http://www.xbrl.org/2003/arcrole/parent-child" xlink:from="rr_BarChartTableAbstract" xlink:to="loc_deiLegalEntityAxis" order="1100" />
<link:loc xlink:type="locator" xlink:href="http://xbrl.sec.gov/dei/2012/dei-2012-01-31.xsd#dei_EntityDomain" xlink:label="loc_deiEntityDomain" />
<link:presentationArc xlink:type="arc" xlink:arcrole="http://www.xbrl.org/2003/arcrole/parent-child" xlink:from="loc_deiLegalEntityAxis" xlink:to="loc_deiEntityDomain" order="10" />
<link:loc xlink:type="locator" xlink:href="schwartz-20160501.xsd#schwartz_S000001548Member" xlink:label="loc_S000001548Member"/>
<link:presentationArc order="11" xlink:type="arc" xlink:arcrole="http://www.xbrl.org/2003/arcrole/parent-child" xlink:from="loc_deiLegalEntityAxis" xlink:to="loc_S000001548Member" preferredLabel="http://www.xbrl.org/2003/role/verboseLabel"/>
<link:loc xlink:type="locator" xlink:href="schwartz-20160501.xsd#schwartz_S000001549Member" xlink:label="loc_S000001549Member"/>
<link:presentationArc order="21" xlink:type="arc" xlink:arcrole="http://www.xbrl.org/2003/arcrole/parent-child" xlink:from="loc_deiLegalEntityAxis" xlink:to="loc_S000001549Member" preferredLabel="http://www.xbrl.org/2003/role/verboseLabel"/>
<link:loc xlink:type="locator" xlink:href="schwartz-20160501.xsd#schwartz_S000001550Member" xlink:label="loc_S000001550Member"/>
<link:presentationArc order="31" xlink:type="arc" xlink:arcrole="http://www.xbrl.org/2003/arcrole/parent-child" xlink:from="loc_deiLegalEntityAxis" xlink:to="loc_S000001550Member" preferredLabel="http://www.xbrl.org/2003/role/verboseLabel"/>
<link:loc xlink:type="locator" xlink:href="schwartz-20160501.xsd#schwartz_S000001551Member" xlink:label="loc_S000001551Member"/>
<link:presentationArc order="41" xlink:type="arc" xlink:arcrole="http://www.xbrl.org/2003/arcrole/parent-child" xlink:from="loc_deiLegalEntityAxis" xlink:to="loc_S000001551Member" preferredLabel="http://www.xbrl.org/2003/role/verboseLabel"/>
<link:loc xlink:type="locator" xlink:href="schwartz-20160501.xsd#schwartz_S000028831Member" xlink:label="loc_S000028831Member"/>
<link:presentationArc order="51" xlink:type="arc" xlink:arcrole="http://www.xbrl.org/2003/arcrole/parent-child" xlink:from="loc_deiLegalEntityAxis" xlink:to="loc_S000028831Member" preferredLabel="http://www.xbrl.org/2003/role/verboseLabel"/>
<link:loc xlink:type="locator" xlink:href="schwartz-20160501.xsd#schwartz_S000001552Member" xlink:label="loc_S000001552Member"/>
<link:presentationArc order="61" xlink:type="arc" xlink:arcrole="http://www.xbrl.org/2003/arcrole/parent-child" xlink:from="loc_deiLegalEntityAxis" xlink:to="loc_S000001552Member" preferredLabel="http://www.xbrl.org/2003/role/verboseLabel"/>
<link:loc xlink:type="locator" xlink:href="http://xbrl.sec.gov/rr/2012/rr-2012-01-31.xsd#rr_ProspectusShareClassAxis" xlink:label="loc_rrProspectusShareClassAxis" />
<link:presentationArc xlink:type="arc" xlink:arcrole="http://www.xbrl.org/2003/arcrole/parent-child" xlink:from="rr_BarChartTableAbstract" xlink:to="loc_rrProspectusShareClassAxis" order="1300" />
<link:loc xlink:type="locator" xlink:href="http://xbrl.sec.gov/rr/2012/rr-2012-01-31.xsd#rr_ShareClassDomain" xlink:label="loc_rrShareClassDomain" />
<link:presentationArc xlink:type="arc" xlink:arcrole="http://www.xbrl.org/2003/arcrole/parent-child" xlink:from="loc_rrProspectusShareClassAxis" xlink:to="loc_rrShareClassDomain" order="10.1" />
<link:loc xlink:type="locator" xlink:href="schwartz-20160501.xsd#schwartz_C000004202Member" xlink:label="loc_C000004202Member"/>
<link:presentationArc order="12" xlink:type="arc" xlink:arcrole="http://www.xbrl.org/2003/arcrole/parent-child" xlink:from="loc_rrProspectusShareClassAxis" xlink:to="loc_C000004202Member" preferredLabel="http://www.xbrl.org/2003/role/verboseLabel"/>
<link:loc xlink:type="locator" xlink:href="schwartz-20160501.xsd#schwartz_C000004203Member" xlink:label="loc_C000004203Member"/>
<link:presentationArc order="22" xlink:type="arc" xlink:arcrole="http://www.xbrl.org/2003/arcrole/parent-child" xlink:from="loc_rrProspectusShareClassAxis" xlink:to="loc_C000004203Member" preferredLabel="http://www.xbrl.org/2003/role/verboseLabel"/>
<link:loc xlink:type="locator" xlink:href="schwartz-20160501.xsd#schwartz_C000004204Member" xlink:label="loc_C000004204Member"/>
<link:presentationArc order="32" xlink:type="arc" xlink:arcrole="http://www.xbrl.org/2003/arcrole/parent-child" xlink:from="loc_rrProspectusShareClassAxis" xlink:to="loc_C000004204Member" preferredLabel="http://www.xbrl.org/2003/role/verboseLabel"/>
<link:loc xlink:type="locator" xlink:href="schwartz-20160501.xsd#schwartz_C000004205Member" xlink:label="loc_C000004205Member"/>
<link:presentationArc order="42" xlink:type="arc" xlink:arcrole="http://www.xbrl.org/2003/arcrole/parent-child" xlink:from="loc_rrProspectusShareClassAxis" xlink:to="loc_C000004205Member" preferredLabel="http://www.xbrl.org/2003/role/verboseLabel"/>
<link:loc xlink:type="locator" xlink:href="schwartz-20160501.xsd#schwartz_C000088418Member" xlink:label="loc_C000088418Member"/>
<link:presentationArc order="52" xlink:type="arc" xlink:arcrole="http://www.xbrl.org/2003/arcrole/parent-child" xlink:from="loc_rrProspectusShareClassAxis" xlink:to="loc_C000088418Member" preferredLabel="http://www.xbrl.org/2003/role/verboseLabel"/>
<link:loc xlink:type="locator" xlink:href="schwartz-20160501.xsd#schwartz_C000004207Member" xlink:label="loc_C000004207Member"/>
<link:presentationArc order="62" xlink:type="arc" xlink:arcrole="http://www.xbrl.org/2003/arcrole/parent-child" xlink:from="loc_rrProspectusShareClassAxis" xlink:to="loc_C000004207Member" preferredLabel="http://www.xbrl.org/2003/role/verboseLabel"/>
</link:presentationLink>
<link:presentationLink xlink:type="extended" xlink:role="http://xbrl.sec.gov/rr/role/RiskReturnDetailData">
<link:loc xlink:type='locator' xlink:href='http://xbrl.sec.gov/rr/2012/rr-2012-01-31.xsd#rr_RiskReturnAbstract' xlink:label='rr_RiskReturnAbstract'/>
<link:loc xlink:type='locator' xlink:href='schwartz-20160501.xsd#schwartz_AverageAnnualReturnYear03' xlink:label='schwartz_AverageAnnualReturnYear03'/>
<link:loc xlink:type="locator" xlink:href="http://xbrl.sec.gov/dei/2012/dei-2012-01-31.xsd#dei_LegalEntityAxis" xlink:label="loc_deiLegalEntityAxis" />
<link:presentationArc xlink:type="arc" xlink:arcrole="http://www.xbrl.org/2003/arcrole/parent-child" xlink:from="rr_RiskReturnAbstract" xlink:to="loc_deiLegalEntityAxis" order="1100" />
<link:loc xlink:type="locator" xlink:href="http://xbrl.sec.gov/dei/2012/dei-2012-01-31.xsd#dei_EntityDomain" xlink:label="loc_deiEntityDomain" />
<link:presentationArc xlink:type="arc" xlink:arcrole="http://www.xbrl.org/2003/arcrole/parent-child" xlink:from="loc_deiLegalEntityAxis" xlink:to="loc_deiEntityDomain" order="10" />
<link:loc xlink:type="locator" xlink:href="schwartz-20160501.xsd#schwartz_S000001548Member" xlink:label="loc_S000001548Member"/>
<link:presentationArc order="11" xlink:type="arc" xlink:arcrole="http://www.xbrl.org/2003/arcrole/parent-child" xlink:from="loc_deiLegalEntityAxis" xlink:to="loc_S000001548Member" preferredLabel="http://www.xbrl.org/2003/role/verboseLabel"/>
<link:loc xlink:type="locator" xlink:href="schwartz-20160501.xsd#schwartz_S000001549Member" xlink:label="loc_S000001549Member"/>
<link:presentationArc order="21" xlink:type="arc" xlink:arcrole="http://www.xbrl.org/2003/arcrole/parent-child" xlink:from="loc_deiLegalEntityAxis" xlink:to="loc_S000001549Member" preferredLabel="http://www.xbrl.org/2003/role/verboseLabel"/>
<link:loc xlink:type="locator" xlink:href="schwartz-20160501.xsd#schwartz_S000001550Member" xlink:label="loc_S000001550Member"/>
<link:presentationArc order="31" xlink:type="arc" xlink:arcrole="http://www.xbrl.org/2003/arcrole/parent-child" xlink:from="loc_deiLegalEntityAxis" xlink:to="loc_S000001550Member" preferredLabel="http://www.xbrl.org/2003/role/verboseLabel"/>
<link:loc xlink:type="locator" xlink:href="schwartz-20160501.xsd#schwartz_S000001551Member" xlink:label="loc_S000001551Member"/>
<link:presentationArc order="41" xlink:type="arc" xlink:arcrole="http://www.xbrl.org/2003/arcrole/parent-child" xlink:from="loc_deiLegalEntityAxis" xlink:to="loc_S000001551Member" preferredLabel="http://www.xbrl.org/2003/role/verboseLabel"/>
<link:loc xlink:type="locator" xlink:href="schwartz-20160501.xsd#schwartz_S000028831Member" xlink:label="loc_S000028831Member"/>
<link:presentationArc order="51" xlink:type="arc" xlink:arcrole="http://www.xbrl.org/2003/arcrole/parent-child" xlink:from="loc_deiLegalEntityAxis" xlink:to="loc_S000028831Member" preferredLabel="http://www.xbrl.org/2003/role/verboseLabel"/>
<link:loc xlink:type="locator" xlink:href="schwartz-20160501.xsd#schwartz_S000001552Member" xlink:label="loc_S000001552Member"/>
<link:presentationArc order="61" xlink:type="arc" xlink:arcrole="http://www.xbrl.org/2003/arcrole/parent-child" xlink:from="loc_deiLegalEntityAxis" xlink:to="loc_S000001552Member" preferredLabel="http://www.xbrl.org/2003/role/verboseLabel"/>
<link:loc xlink:type="locator" xlink:href="http://xbrl.sec.gov/rr/2012/rr-2012-01-31.xsd#rr_ProspectusShareClassAxis" xlink:label="loc_rrProspectusShareClassAxis" />
<link:presentationArc xlink:type="arc" xlink:arcrole="http://www.xbrl.org/2003/arcrole/parent-child" xlink:from="rr_RiskReturnAbstract" xlink:to="loc_rrProspectusShareClassAxis" order="1300" />
<link:loc xlink:type="locator" xlink:href="http://xbrl.sec.gov/rr/2012/rr-2012-01-31.xsd#rr_ShareClassDomain" xlink:label="loc_rrShareClassDomain" />
<link:presentationArc xlink:type="arc" xlink:arcrole="http://www.xbrl.org/2003/arcrole/parent-child" xlink:from="loc_rrProspectusShareClassAxis" xlink:to="loc_rrShareClassDomain" order="10.1" />
<link:loc xlink:type="locator" xlink:href="schwartz-20160501.xsd#schwartz_C000004202Member" xlink:label="loc_C000004202Member"/>
<link:presentationArc order="12" xlink:type="arc" xlink:arcrole="http://www.xbrl.org/2003/arcrole/parent-child" xlink:from="loc_rrProspectusShareClassAxis" xlink:to="loc_C000004202Member" preferredLabel="http://www.xbrl.org/2003/role/verboseLabel"/>
<link:loc xlink:type="locator" xlink:href="schwartz-20160501.xsd#schwartz_C000004203Member" xlink:label="loc_C000004203Member"/>
<link:presentationArc order="22" xlink:type="arc" xlink:arcrole="http://www.xbrl.org/2003/arcrole/parent-child" xlink:from="loc_rrProspectusShareClassAxis" xlink:to="loc_C000004203Member" preferredLabel="http://www.xbrl.org/2003/role/verboseLabel"/>
<link:loc xlink:type="locator" xlink:href="schwartz-20160501.xsd#schwartz_C000004204Member" xlink:label="loc_C000004204Member"/>
<link:presentationArc order="32" xlink:type="arc" xlink:arcrole="http://www.xbrl.org/2003/arcrole/parent-child" xlink:from="loc_rrProspectusShareClassAxis" xlink:to="loc_C000004204Member" preferredLabel="http://www.xbrl.org/2003/role/verboseLabel"/>
<link:loc xlink:type="locator" xlink:href="schwartz-20160501.xsd#schwartz_C000004205Member" xlink:label="loc_C000004205Member"/>
<link:presentationArc order="42" xlink:type="arc" xlink:arcrole="http://www.xbrl.org/2003/arcrole/parent-child" xlink:from="loc_rrProspectusShareClassAxis" xlink:to="loc_C000004205Member" preferredLabel="http://www.xbrl.org/2003/role/verboseLabel"/>
<link:loc xlink:type="locator" xlink:href="schwartz-20160501.xsd#schwartz_C000088418Member" xlink:label="loc_C000088418Member"/>
<link:presentationArc order="52" xlink:type="arc" xlink:arcrole="http://www.xbrl.org/2003/arcrole/parent-child" xlink:from="loc_rrProspectusShareClassAxis" xlink:to="loc_C000088418Member" preferredLabel="http://www.xbrl.org/2003/role/verboseLabel"/>
<link:loc xlink:type="locator" xlink:href="schwartz-20160501.xsd#schwartz_C000004207Member" xlink:label="loc_C000004207Member"/>
<link:presentationArc order="62" xlink:type="arc" xlink:arcrole="http://www.xbrl.org/2003/arcrole/parent-child" xlink:from="loc_rrProspectusShareClassAxis" xlink:to="loc_C000004207Member" preferredLabel="http://www.xbrl.org/2003/role/verboseLabel"/>
<link:loc xlink:type='locator' xlink:href='schwartz-20160501.xsd#schwartz_WireFee' xlink:label='schwartz_WireFee'/>
<link:loc xlink:type='locator' xlink:href='schwartz-20160501.xsd#schwartz_CheckFee' xlink:label='schwartz_CheckFee'/>
<link:loc xlink:type='locator' xlink:href='schwartz-20160501.xsd#schwartz_MaximumManagementFee' xlink:label='schwartz_MaximumManagementFee'/>
<link:loc xlink:type='locator' xlink:href='schwartz-20160501.xsd#schwartz_SwapFeesAndExpenses' xlink:label='schwartz_SwapFeesAndExpenses'/>
<link:loc xlink:type='locator' xlink:href='schwartz-20160501.xsd#schwartz_DividendAndInterestExpenseShortSales' xlink:label='schwartz_DividendAndInterestExpenseShortSales'/>
<link:loc xlink:type='locator' xlink:href='schwartz-20160501.xsd#schwartz_SubsidiaryExpenses' xlink:label='schwartz_SubsidiaryExpenses'/>
<link:loc xlink:type='locator' xlink:href='schwartz-20160501.xsd#schwartz_ShareholderServicingFee' xlink:label='schwartz_ShareholderServicingFee'/>
<link:loc xlink:type='locator' xlink:href='schwartz-20160501.xsd#schwartz_DeferredIncomeTaxExpense ' xlink:label='schwartz_DeferredIncomeTaxExpense '/>
<link:loc xlink:type='locator' xlink:href='schwartz-20160501.xsd#schwartz_ExpensesOverAssetsPlusMaxManagementFee' xlink:label='schwartz_ExpensesOverAssetsPlusMaxManagementFee'/>
<link:loc xlink:type='locator' xlink:href='schwartz-20160501.xsd#schwartz_FeeRecoupment' xlink:label='schwartz_FeeRecoupment'/>
<link:loc xlink:type='locator' xlink:href='schwartz-20160501.xsd#schwartz_NetExpensesOverAssetsPlusMaxManagementFee' xlink:label='schwartz_NetExpensesOverAssetsPlusMaxManagementFee'/>
<link:presentationArc xlink:type='arc' xlink:arcrole='http://www.xbrl.org/2003/arcrole/parent-child' xlink:from='rr_RiskReturnAbstract' xlink:to='schwartz_AverageAnnualReturnYear03' order='159.5'/>
<link:presentationArc xlink:type='arc' xlink:arcrole='http://www.xbrl.org/2003/arcrole/parent-child' xlink:from='rr_RiskReturnAbstract' xlink:to='schwartz_WireFee' order='26.6'/>
<link:presentationArc xlink:type='arc' xlink:arcrole='http://www.xbrl.org/2003/arcrole/parent-child' xlink:from='rr_RiskReturnAbstract' xlink:to='schwartz_CheckFee' order='27.6'/>
<link:presentationArc xlink:type='arc' xlink:arcrole='http://www.xbrl.org/2003/arcrole/parent-child' xlink:from='rr_RiskReturnAbstract' xlink:to='schwartz_MaximumManagementFee' order='34.6'/>
<link:presentationArc xlink:type='arc' xlink:arcrole='http://www.xbrl.org/2003/arcrole/parent-child' xlink:from='rr_RiskReturnAbstract' xlink:to='schwartz_SwapFeesAndExpenses' order='38.3'/>
<link:presentationArc xlink:type='arc' xlink:arcrole='http://www.xbrl.org/2003/arcrole/parent-child' xlink:from='rr_RiskReturnAbstract' xlink:to='schwartz_DividendAndInterestExpenseShortSales' order='38.6'/>
<link:presentationArc xlink:type='arc' xlink:arcrole='http://www.xbrl.org/2003/arcrole/parent-child' xlink:from='rr_RiskReturnAbstract' xlink:to='schwartz_SubsidiaryExpenses' order='39.6'/>
<link:presentationArc xlink:type='arc' xlink:arcrole='http://www.xbrl.org/2003/arcrole/parent-child' xlink:from='rr_RiskReturnAbstract' xlink:to='schwartz_ShareholderServicingFee' order='40.6'/>
<link:presentationArc xlink:type='arc' xlink:arcrole='http://www.xbrl.org/2003/arcrole/parent-child' xlink:from='rr_RiskReturnAbstract' xlink:to='schwartz_DeferredIncomeTaxExpense ' order='41.6'/>
<link:presentationArc xlink:type='arc' xlink:arcrole='http://www.xbrl.org/2003/arcrole/parent-child' xlink:from='rr_RiskReturnAbstract' xlink:to='schwartz_ExpensesOverAssetsPlusMaxManagementFee' order='42.6'/>
<link:presentationArc xlink:type='arc' xlink:arcrole='http://www.xbrl.org/2003/arcrole/parent-child' xlink:from='rr_RiskReturnAbstract' xlink:to='schwartz_FeeRecoupment' order='43.6'/>
<link:presentationArc xlink:type='arc' xlink:arcrole='http://www.xbrl.org/2003/arcrole/parent-child' xlink:from='rr_RiskReturnAbstract' xlink:to='schwartz_NetExpensesOverAssetsPlusMaxManagementFee' order='44.6'/>
<link:loc xlink:type="locator" xlink:href="http://xbrl.sec.gov/rr/2012/rr-2012-01-31.xsd#rr_PerformanceMeasureAxis" xlink:label="loc_rrPerformanceMeasureAxis" />
<link:presentationArc xlink:type="arc" xlink:arcrole="http://www.xbrl.org/2003/arcrole/parent-child" xlink:from="rr_RiskReturnAbstract" xlink:to="loc_rrPerformanceMeasureAxis" order="1200" />
<link:loc xlink:type="locator" xlink:href="http://xbrl.sec.gov/rr/2012/rr-2012-01-31.xsd#rr_PerformanceMeasureDomain" xlink:label="loc_rrPerformanceMeasureDomain" />
<link:presentationArc xlink:type="arc" xlink:arcrole="http://www.xbrl.org/2003/arcrole/parent-child" xlink:from="loc_rrPerformanceMeasureAxis" xlink:to="loc_rrPerformanceMeasureDomain" order="10" />
<link:loc xlink:type="locator" xlink:href="http://xbrl.sec.gov/rr/2012/rr-2012-01-31.xsd#rr_AfterTaxesOnDistributionsMember" xlink:label="loc_rrAfterTaxesOnDistributionsMember" />
<link:presentationArc xlink:type="arc" xlink:arcrole="http://www.xbrl.org/2003/arcrole/parent-child" xlink:from="loc_rrPerformanceMeasureAxis" xlink:to="loc_rrAfterTaxesOnDistributionsMember" order="30" />
<link:loc xlink:type="locator" xlink:href="http://xbrl.sec.gov/rr/2012/rr-2012-01-31.xsd#rr_AfterTaxesOnDistributionsAndSalesMember" xlink:label="loc_rrAfterTaxesOnDistributionsAndSalesMember" />
<link:presentationArc xlink:type="arc" xlink:arcrole="http://www.xbrl.org/2003/arcrole/parent-child" xlink:from="loc_rrPerformanceMeasureAxis" xlink:to="loc_rrAfterTaxesOnDistributionsAndSalesMember" order="40" />
<link:loc xlink:type="locator" xlink:href="schwartz-20160501.xsd#schwartz_index1Member" xlink:label="loc_index1"/>
<link:presentationArc xlink:type="arc" xlink:arcrole="http://www.xbrl.org/2003/arcrole/parent-child" xlink:from="loc_rrPerformanceMeasureAxis" xlink:to="loc_index1" order="50.3" preferredLabel="http://www.xbrl.org/2003/role/verboseLabel"/>
<link:loc xlink:type="locator" xlink:href="schwartz-20160501.xsd#schwartz_index2Member" xlink:label="loc_index2"/>
<link:presentationArc xlink:type="arc" xlink:arcrole="http://www.xbrl.org/2003/arcrole/parent-child" xlink:from="loc_rrPerformanceMeasureAxis" xlink:to="loc_index2" order="60.3" preferredLabel="http://www.xbrl.org/2003/role/verboseLabel"/>
<link:loc xlink:type="locator" xlink:href="schwartz-20160501.xsd#schwartz_index3Member" xlink:label="loc_index3"/>
<link:presentationArc xlink:type="arc" xlink:arcrole="http://www.xbrl.org/2003/arcrole/parent-child" xlink:from="loc_rrPerformanceMeasureAxis" xlink:to="loc_index3" order="70.3" preferredLabel="http://www.xbrl.org/2003/role/verboseLabel"/>
<link:loc xlink:type="locator" xlink:href="schwartz-20160501.xsd#schwartz_index4Member" xlink:label="loc_index4"/>
<link:presentationArc xlink:type="arc" xlink:arcrole="http://www.xbrl.org/2003/arcrole/parent-child" xlink:from="loc_rrPerformanceMeasureAxis" xlink:to="loc_index4" order="80.3" preferredLabel="http://www.xbrl.org/2003/role/verboseLabel"/>
<link:loc xlink:type="locator" xlink:href="schwartz-20160501.xsd#schwartz_index5Member" xlink:label="loc_index5"/>
<link:presentationArc xlink:type="arc" xlink:arcrole="http://www.xbrl.org/2003/arcrole/parent-child" xlink:from="loc_rrPerformanceMeasureAxis" xlink:to="loc_index5" order="90.3" preferredLabel="http://www.xbrl.org/2003/role/verboseLabel"/>
<link:loc xlink:type="locator" xlink:href="schwartz-20160501.xsd#schwartz_index6Member" xlink:label="loc_index6"/>
<link:presentationArc xlink:type="arc" xlink:arcrole="http://www.xbrl.org/2003/arcrole/parent-child" xlink:from="loc_rrPerformanceMeasureAxis" xlink:to="loc_index6" order="100.3" preferredLabel="http://www.xbrl.org/2003/role/verboseLabel"/>
<link:loc xlink:type="locator" xlink:href="schwartz-20160501.xsd#schwartz_index7Member" xlink:label="loc_index7"/>
<link:presentationArc xlink:type="arc" xlink:arcrole="http://www.xbrl.org/2003/arcrole/parent-child" xlink:from="loc_rrPerformanceMeasureAxis" xlink:to="loc_index7" order="110.3" preferredLabel="http://www.xbrl.org/2003/role/verboseLabel"/>
</link:presentationLink>
</link:linkbase>
