<?xml version="1.0" encoding="UTF-8"?>
<!-- Created by FilePoint's XBRLinator v.2.4 * www.edgarfilepoint.com * -->
<link:linkbase xmlns:schwartz="http://schwartz/20150501"
xmlns:link="http://www.xbrl.org/2003/linkbase"
xmlns:us-types="http://xbrl.us/us-types/2009-01-31"
xmlns:xbrldt="http://xbrl.org/2005/xbrldt"
xmlns:rr="http://xbrl.sec.gov/rr/2012-01-31"
xmlns:dei="http://xbrl.us/dei/2012-01-31"
xmlns:xbrldi="http://xbrl.org/2006/xbrldi"
xmlns:xsi="http://www.w3.org/2001/XMLSchema-instance"
xmlns:xbrli="http://www.xbrl.org/2003/instance"
xmlns:iso4217="http://www.xbrl.org/2003/iso4217"
xmlns:xlink="http://www.w3.org/1999/xlink"
xsi:schemaLocation="http://www.xbrl.org/2003/linkbase http://www.xbrl.org/2003/xbrl-linkbase-2003-12-31.xsd">
<link:roleRef roleURI="http://xbrl.sec.gov/rr/role/Series" xlink:type="simple"
xlink:href="http://xbrl.sec.gov/rr/2012/rr-2012-01-31.xsd#SeriesOnly"/>
<link:roleRef roleURI="http://xbrl.sec.gov/rr/role/Class" xlink:type="simple"
xlink:href="http://xbrl.sec.gov/rr/2012/rr-2012-01-31.xsd#ClassOnly"/>
<link:roleRef roleURI="http://xbrl.sec.gov/rr/role/PerformanceMeasure" xlink:type="simple"
xlink:href="http://xbrl.sec.gov/rr/2012/rr-2012-01-31.xsd#PerformanceMeasureOnly"/>
<link:roleRef roleURI="http://xbrl.sec.gov/rr/role/Prospectus" xlink:type="simple"
xlink:href="http://xbrl.sec.gov/rr/2012/rr-2012-01-31.xsd#ProspectusOnly"/>
<link:arcroleRef arcroleURI="http://xbrl.org/int/dim/arcrole/domain-member" xlink:type="simple"
xlink:href="http://www.xbrl.org/2005/xbrldt-2005.xsd#domain-member"/>
<link:arcroleRef arcroleURI="http://xbrl.org/int/dim/arcrole/all" xlink:type="simple"
xlink:href="http://www.xbrl.org/2005/xbrldt-2005.xsd#all"/>
<link:arcroleRef arcroleURI="http://xbrl.org/int/dim/arcrole/dimension-domain" xlink:type="simple"
xlink:href="http://www.xbrl.org/2005/xbrldt-2005.xsd#dimension-domain"/>
<link:arcroleRef arcroleURI="http://xbrl.org/int/dim/arcrole/hypercube-dimension" xlink:type="simple"
xlink:href="http://www.xbrl.org/2005/xbrldt-2005.xsd#hypercube-dimension"/>
<link:arcroleRef arcroleURI="http://xbrl.org/int/dim/arcrole/dimension-default" xlink:type="simple"
xlink:href="http://www.xbrl.org/2005/xbrldt-2005.xsd#dimension-default"/>
<link:definitionLink xlink:type="extended" xlink:role="http://xbrl.sec.gov/rr/role/Series">
<link:loc xlink:type="locator"
xlink:href="http://xbrl.sec.gov/dei/2012/dei-2012-01-31.xsd#dei_EntityDomain"
xlink:label="EntityDomain"/>
<link:loc xlink:type="locator" xlink:href="schwartz-20150501.xsd#schwartz_S000001548Member"
xlink:label="S000001548Member"/>
<link:definitionArc xlink:type="arc" xlink:arcrole="http://xbrl.org/int/dim/arcrole/domain-member"
xlink:from="EntityDomain"
xlink:to="S000001548Member"
order="1.0"/>
</link:definitionLink>
<link:definitionLink xlink:type="extended" xlink:role="http://xbrl.sec.gov/rr/role/Series">
<link:loc xlink:type="locator"
xlink:href="http://xbrl.sec.gov/dei/2012/dei-2012-01-31.xsd#dei_EntityDomain"
xlink:label="EntityDomain"/>
<link:loc xlink:type="locator" xlink:href="schwartz-20150501.xsd#schwartz_S000001549Member"
xlink:label="S000001549Member"/>
<link:definitionArc xlink:type="arc" xlink:arcrole="http://xbrl.org/int/dim/arcrole/domain-member"
xlink:from="EntityDomain"
xlink:to="S000001549Member"
order="2.0"/>
</link:definitionLink>
<link:definitionLink xlink:type="extended" xlink:role="http://xbrl.sec.gov/rr/role/Series">
<link:loc xlink:type="locator"
xlink:href="http://xbrl.sec.gov/dei/2012/dei-2012-01-31.xsd#dei_EntityDomain"
xlink:label="EntityDomain"/>
<link:loc xlink:type="locator" xlink:href="schwartz-20150501.xsd#schwartz_S000001550Member"
xlink:label="S000001550Member"/>
<link:definitionArc xlink:type="arc" xlink:arcrole="http://xbrl.org/int/dim/arcrole/domain-member"
xlink:from="EntityDomain"
xlink:to="S000001550Member"
order="3.0"/>
</link:definitionLink>
<link:definitionLink xlink:type="extended" xlink:role="http://xbrl.sec.gov/rr/role/Series">
<link:loc xlink:type="locator"
xlink:href="http://xbrl.sec.gov/dei/2012/dei-2012-01-31.xsd#dei_EntityDomain"
xlink:label="EntityDomain"/>
<link:loc xlink:type="locator" xlink:href="schwartz-20150501.xsd#schwartz_S000001551Member"
xlink:label="S000001551Member"/>
<link:definitionArc xlink:type="arc" xlink:arcrole="http://xbrl.org/int/dim/arcrole/domain-member"
xlink:from="EntityDomain"
xlink:to="S000001551Member"
order="4.0"/>
</link:definitionLink>
<link:definitionLink xlink:type="extended" xlink:role="http://xbrl.sec.gov/rr/role/Series">
<link:loc xlink:type="locator"
xlink:href="http://xbrl.sec.gov/dei/2012/dei-2012-01-31.xsd#dei_EntityDomain"
xlink:label="EntityDomain"/>
<link:loc xlink:type="locator" xlink:href="schwartz-20150501.xsd#schwartz_S000011777Member"
xlink:label="S000011777Member"/>
<link:definitionArc xlink:type="arc" xlink:arcrole="http://xbrl.org/int/dim/arcrole/domain-member"
xlink:from="EntityDomain"
xlink:to="S000011777Member"
order="5.0"/>
</link:definitionLink>
<link:definitionLink xlink:type="extended" xlink:role="http://xbrl.sec.gov/rr/role/Series">
<link:loc xlink:type="locator"
xlink:href="http://xbrl.sec.gov/dei/2012/dei-2012-01-31.xsd#dei_EntityDomain"
xlink:label="EntityDomain"/>
<link:loc xlink:type="locator" xlink:href="schwartz-20150501.xsd#schwartz_S000028831Member"
xlink:label="S000028831Member"/>
<link:definitionArc xlink:type="arc" xlink:arcrole="http://xbrl.org/int/dim/arcrole/domain-member"
xlink:from="EntityDomain"
xlink:to="S000028831Member"
order="6.0"/>
</link:definitionLink>
<link:definitionLink xlink:type="extended" xlink:role="http://xbrl.sec.gov/rr/role/Series">
<link:loc xlink:type="locator"
xlink:href="http://xbrl.sec.gov/dei/2012/dei-2012-01-31.xsd#dei_EntityDomain"
xlink:label="EntityDomain"/>
<link:loc xlink:type="locator" xlink:href="schwartz-20150501.xsd#schwartz_S000001552Member"
xlink:label="S000001552Member"/>
<link:definitionArc xlink:type="arc" xlink:arcrole="http://xbrl.org/int/dim/arcrole/domain-member"
xlink:from="EntityDomain"
xlink:to="S000001552Member"
order="7.0"/>
</link:definitionLink>
<link:definitionLink xlink:type="extended" xlink:role="http://xbrl.sec.gov/rr/role/Class">
<link:loc xlink:type="locator"
xlink:href="http://xbrl.sec.gov/rr/2012/rr-2012-01-31.xsd#rr_ShareClassDomain"
xlink:label="ShareClassDomain"/>
<link:loc xlink:type="locator" xlink:href="schwartz-20150501.xsd#schwartz_C000004202Member"
xlink:label="C000004202Member"/>
<link:definitionArc xlink:type="arc" xlink:arcrole="http://xbrl.org/int/dim/arcrole/domain-member"
xlink:from="ShareClassDomain"
xlink:to="C000004202Member"
order="1.0"/>
</link:definitionLink>
<link:definitionLink xlink:type="extended" xlink:role="http://xbrl.sec.gov/rr/role/Class">
<link:loc xlink:type="locator"
xlink:href="http://xbrl.sec.gov/rr/2012/rr-2012-01-31.xsd#rr_ShareClassDomain"
xlink:label="ShareClassDomain"/>
<link:loc xlink:type="locator" xlink:href="schwartz-20150501.xsd#schwartz_C000004203Member"
xlink:label="C000004203Member"/>
<link:definitionArc xlink:type="arc" xlink:arcrole="http://xbrl.org/int/dim/arcrole/domain-member"
xlink:from="ShareClassDomain"
xlink:to="C000004203Member"
order="2.0"/>
</link:definitionLink>
<link:definitionLink xlink:type="extended" xlink:role="http://xbrl.sec.gov/rr/role/Class">
<link:loc xlink:type="locator"
xlink:href="http://xbrl.sec.gov/rr/2012/rr-2012-01-31.xsd#rr_ShareClassDomain"
xlink:label="ShareClassDomain"/>
<link:loc xlink:type="locator" xlink:href="schwartz-20150501.xsd#schwartz_C000004204Member"
xlink:label="C000004204Member"/>
<link:definitionArc xlink:type="arc" xlink:arcrole="http://xbrl.org/int/dim/arcrole/domain-member"
xlink:from="ShareClassDomain"
xlink:to="C000004204Member"
order="3.0"/>
</link:definitionLink>
<link:definitionLink xlink:type="extended" xlink:role="http://xbrl.sec.gov/rr/role/Class">
<link:loc xlink:type="locator"
xlink:href="http://xbrl.sec.gov/rr/2012/rr-2012-01-31.xsd#rr_ShareClassDomain"
xlink:label="ShareClassDomain"/>
<link:loc xlink:type="locator" xlink:href="schwartz-20150501.xsd#schwartz_C000004205Member"
xlink:label="C000004205Member"/>
<link:definitionArc xlink:type="arc" xlink:arcrole="http://xbrl.org/int/dim/arcrole/domain-member"
xlink:from="ShareClassDomain"
xlink:to="C000004205Member"
order="4.0"/>
</link:definitionLink>
<link:definitionLink xlink:type="extended" xlink:role="http://xbrl.sec.gov/rr/role/Class">
<link:loc xlink:type="locator"
xlink:href="http://xbrl.sec.gov/rr/2012/rr-2012-01-31.xsd#rr_ShareClassDomain"
xlink:label="ShareClassDomain"/>
<link:loc xlink:type="locator" xlink:href="schwartz-20150501.xsd#schwartz_C000032210Member"
xlink:label="C000032210Member"/>
<link:definitionArc xlink:type="arc" xlink:arcrole="http://xbrl.org/int/dim/arcrole/domain-member"
xlink:from="ShareClassDomain"
xlink:to="C000032210Member"
order="5.0"/>
</link:definitionLink>
<link:definitionLink xlink:type="extended" xlink:role="http://xbrl.sec.gov/rr/role/Class">
<link:loc xlink:type="locator"
xlink:href="http://xbrl.sec.gov/rr/2012/rr-2012-01-31.xsd#rr_ShareClassDomain"
xlink:label="ShareClassDomain"/>
<link:loc xlink:type="locator" xlink:href="schwartz-20150501.xsd#schwartz_C000088418Member"
xlink:label="C000088418Member"/>
<link:definitionArc xlink:type="arc" xlink:arcrole="http://xbrl.org/int/dim/arcrole/domain-member"
xlink:from="ShareClassDomain"
xlink:to="C000088418Member"
order="6.0"/>
</link:definitionLink>
<link:definitionLink xlink:type="extended" xlink:role="http://xbrl.sec.gov/rr/role/Class">
<link:loc xlink:type="locator"
xlink:href="http://xbrl.sec.gov/rr/2012/rr-2012-01-31.xsd#rr_ShareClassDomain"
xlink:label="ShareClassDomain"/>
<link:loc xlink:type="locator" xlink:href="schwartz-20150501.xsd#schwartz_C000004207Member"
xlink:label="C000004207Member"/>
<link:definitionArc xlink:type="arc" xlink:arcrole="http://xbrl.org/int/dim/arcrole/domain-member"
xlink:from="ShareClassDomain"
xlink:to="C000004207Member"
order="7.0"/>
</link:definitionLink>
<link:definitionLink xlink:type="extended"
xlink:role="http://xbrl.sec.gov/rr/role/PerformanceMeasure">
<link:loc xlink:type="locator"
xlink:href="http://xbrl.sec.gov/rr/2012/rr-2012-01-31.xsd#rr_PerformanceMeasureDomain"
xlink:label="PerformanceMeasureDomain"/>
<link:loc xlink:type="locator" xlink:href="schwartz-20150501.xsd#schwartz_index1Member"
xlink:label="index1Member"/>
<link:definitionArc xlink:type="arc" xlink:arcrole="http://xbrl.org/int/dim/arcrole/domain-member"
xlink:from="PerformanceMeasureDomain"
xlink:to="index1Member"
order="8.0"/>
</link:definitionLink>
<link:definitionLink xlink:type="extended"
xlink:role="http://xbrl.sec.gov/rr/role/PerformanceMeasure">
<link:loc xlink:type="locator"
xlink:href="http://xbrl.sec.gov/rr/2012/rr-2012-01-31.xsd#rr_PerformanceMeasureDomain"
xlink:label="PerformanceMeasureDomain"/>
<link:loc xlink:type="locator" xlink:href="schwartz-20150501.xsd#schwartz_index2Member"
xlink:label="index2Member"/>
<link:definitionArc xlink:type="arc" xlink:arcrole="http://xbrl.org/int/dim/arcrole/domain-member"
xlink:from="PerformanceMeasureDomain"
xlink:to="index2Member"
order="9.0"/>
</link:definitionLink>
<link:definitionLink xlink:type="extended"
xlink:role="http://xbrl.sec.gov/rr/role/PerformanceMeasure">
<link:loc xlink:type="locator"
xlink:href="http://xbrl.sec.gov/rr/2012/rr-2012-01-31.xsd#rr_PerformanceMeasureDomain"
xlink:label="PerformanceMeasureDomain"/>
<link:loc xlink:type="locator" xlink:href="schwartz-20150501.xsd#schwartz_index3Member"
xlink:label="index3Member"/>
<link:definitionArc xlink:type="arc" xlink:arcrole="http://xbrl.org/int/dim/arcrole/domain-member"
xlink:from="PerformanceMeasureDomain"
xlink:to="index3Member"
order="10.0"/>
</link:definitionLink>
<link:definitionLink xlink:type="extended"
xlink:role="http://xbrl.sec.gov/rr/role/PerformanceMeasure">
<link:loc xlink:type="locator"
xlink:href="http://xbrl.sec.gov/rr/2012/rr-2012-01-31.xsd#rr_PerformanceMeasureDomain"
xlink:label="PerformanceMeasureDomain"/>
<link:loc xlink:type="locator" xlink:href="schwartz-20150501.xsd#schwartz_index4Member"
xlink:label="index4Member"/>
<link:definitionArc xlink:type="arc" xlink:arcrole="http://xbrl.org/int/dim/arcrole/domain-member"
xlink:from="PerformanceMeasureDomain"
xlink:to="index4Member"
order="11.0"/>
</link:definitionLink>
<link:definitionLink xlink:type="extended"
xlink:role="http://xbrl.sec.gov/rr/role/PerformanceMeasure">
<link:loc xlink:type="locator"
xlink:href="http://xbrl.sec.gov/rr/2012/rr-2012-01-31.xsd#rr_PerformanceMeasureDomain"
xlink:label="PerformanceMeasureDomain"/>
<link:loc xlink:type="locator" xlink:href="schwartz-20150501.xsd#schwartz_index5Member"
xlink:label="index5Member"/>
<link:definitionArc xlink:type="arc" xlink:arcrole="http://xbrl.org/int/dim/arcrole/domain-member"
xlink:from="PerformanceMeasureDomain"
xlink:to="index5Member"
order="12.0"/>
</link:definitionLink>
<link:definitionLink xlink:type="extended"
xlink:role="http://xbrl.sec.gov/rr/role/PerformanceMeasure">
<link:loc xlink:type="locator"
xlink:href="http://xbrl.sec.gov/rr/2012/rr-2012-01-31.xsd#rr_PerformanceMeasureDomain"
xlink:label="PerformanceMeasureDomain"/>
<link:loc xlink:type="locator" xlink:href="schwartz-20150501.xsd#schwartz_index6Member"
xlink:label="index6Member"/>
<link:definitionArc xlink:type="arc" xlink:arcrole="http://xbrl.org/int/dim/arcrole/domain-member"
xlink:from="PerformanceMeasureDomain"
xlink:to="index6Member"
order="13.0"/>
</link:definitionLink>
<link:definitionLink xlink:type="extended"
xlink:role="http://xbrl.sec.gov/rr/role/PerformanceMeasure">
<link:loc xlink:type="locator"
xlink:href="http://xbrl.sec.gov/rr/2012/rr-2012-01-31.xsd#rr_PerformanceMeasureDomain"
xlink:label="PerformanceMeasureDomain"/>
<link:loc xlink:type="locator" xlink:href="schwartz-20150501.xsd#schwartz_index7Member"
xlink:label="index7Member"/>
<link:definitionArc xlink:type="arc" xlink:arcrole="http://xbrl.org/int/dim/arcrole/domain-member"
xlink:from="PerformanceMeasureDomain"
xlink:to="index7Member"
order="14.0"/>
</link:definitionLink>
</link:linkbase>
